predictor,  word,  occPerM
a,  great,  1066
a,  good,  799
a,  lot,  537
ability,  to,  40
able,  to,  222
about,  the,  437
about,  to,  308
about,  it,  233
above,  the,  8
above,  all,  5
absence,  of,  6
absolutely,  love,  13
absolutely,  no,  8
absolutely,  nothing,  8
abt,  the,  7
accept,  the,  9
accept,  it,  5
accept,  that,  5
access,  to,  34
according,  to,  60
account,  is,  10
account,  for,  10
account,  and,  9
accused,  of,  7
across,  the,  58
across,  from,  10
act,  like,  44
act,  of,  14
act,  as,  6
acting,  like,  16
acting,  up,  6
action,  is,  7
acts,  like,  6
actually,  i,  17
actually,  a,  15
actually,  have,  13
ad,  for,  7
add,  me,  19
add,  to,  18
add,  a,  15
added,  to,  17
added,  a,  7
addicted,  to,  30
adding,  a,  7
adding,  to,  5
addition,  to,  16
address,  and,  8
address,  to,  6
address,  the,  5
admit,  it,  17
admit,  that,  10
admit,  i,  9
adore,  you,  5
advantage,  of,  26
advice,  from,  9
advice,  on,  9
advice,  for,  8
affected,  by,  7
afford,  to,  10
afraid,  to,  35
afraid,  of,  30
african,  american,  6
after,  the,  98
after,  a,  97
after,  i,  42
afternoon,  at,  6
afternoon,  and,  5
afternoon,  in,  5
again,  i,  35
again,  for,  31
again,  soon,  28
against,  the,  52
against,  a,  9
against,  me,  8
age,  of,  17
age,  is,  6
age,  and,  5
ago,  i,  19
ago,  and,  17
ago,  today,  15
agree,  with,  52
agree,  more,  18
agree,  that,  14
agreed,  rt,  14
agreed,  i,  9
agreed,  to,  8
ah,  i,  29
ah,  the,  11
ah,  yes,  10
ahead,  of,  36
ahead,  and,  17
ahh,  i,  10
aim,  for,  5
aint,  no,  10
aint,  got,  9
aint,  even,  5
ain't,  no,  19
ain't,  got,  15
ain't,  even,  8
air,  force,  8
air,  and,  7
air,  in,  5
aka,  the,  6
al,  day,  5
album,  is,  16
album,  and,  6
album,  on,  5
alive,  and,  11
all,  the,  820
all,  of,  376
all,  day,  229
allergic,  to,  8
allergies,  are,  5
allow,  me,  6
allowed,  to,  29
allows,  you,  5
allstar,  game,  5
almost,  done,  20
almost,  over,  14
almost,  time,  14
alone,  in,  12
alone,  and,  7
alone,  with,  5
along,  with,  45
along,  the,  20
along,  to,  8
alot,  of,  38
alot,  to,  5
already,  know,  34
already,  have,  28
already,  got,  12
alright,  i,  10
alright,  alright,  6
alright,  i'm,  5
also,  a,  28
also,  i,  24
also,  have,  20
alternative,  to,  6
although,  i,  18
always,  be,  60
always,  a,  56
always,  have,  38
am,  i,  226
am,  so,  105
am,  not,  74
amaze,  me,  6
amazed,  at,  8
amazed,  by,  5
amazes,  me,  5
amazing,  and,  27
amazing,  how,  24
amazing,  i,  24
amen,  to,  12
amen,  rt,  8
america,  is,  9
america,  and,  7
american,  idol,  25
american,  history,  5
american,  people,  5
americans,  are,  5
among,  the,  15
amount,  of,  47
amounts,  of,  7
an,  amazing,  134
an,  awesome,  106
an,  hour,  103
analysis,  of,  5
and,  i,  973
and,  the,  682
and,  a,  422
andrew,  luck,  5
android,  app,  5
angry,  birds,  11
anniversary,  of,  14
anniversary,  to,  5
announce,  that,  10
announce,  the,  10
announced,  that,  5
annoy,  me,  5
annoys,  me,  5
annual,  meeting,  5
another,  day,  46
another,  great,  30
another,  one,  24
answer,  to,  17
answer,  is,  14
answer,  the,  9
answers,  to,  6
any,  of,  81
any,  other,  51
any,  suggestions,  34
anybody,  else,  12
anybody,  know,  9
anybody,  have,  6
anymore,  i,  10
anymore,  but,  6
anyone,  else,  95
anyone,  know,  56
anyone,  have,  48
anything,  to,  31
anything,  else,  23
anything,  for,  19
anytime,  soon,  12
anyway,  i,  5
anywhere,  in,  7
anywhere,  near,  5
anywhere,  else,  5
apart,  of,  12
apart,  from,  6
apologies,  for,  6
apologize,  for,  13
apologize,  to,  5
app,  for,  22
app,  is,  12
app,  store,  9
apparently,  i,  12
apparently,  the,  9
apparently,  it's,  5
appear,  to,  6
appears,  to,  9
apple,  store,  8
applications,  for,  5
applied,  to,  6
applied,  for,  5
applies,  to,  5
apply,  to,  11
apply,  for,  8
applying,  for,  6
appreciate,  it,  65
appreciate,  the,  54
appreciate,  your,  23
appreciation,  day,  6
appreciation,  for,  5
approach,  to,  9
apps,  for,  7
apps,  and,  5
april,  st,  8
april,  is,  7
april,  at,  6
are,  you,  1026
are,  the,  317
are,  so,  188
area,  of,  8
area,  and,  5
areas,  of,  5
aren't,  you,  20
aren't,  the,  6
aren't,  going,  6
argue,  with,  8
arguing,  with,  5
arms,  and,  5
around,  the,  103
around,  and,  23
around,  with,  19
arrested,  for,  8
arrived,  in,  12
arrived,  at,  8
art,  of,  22
art,  and,  11
art,  is,  10
article,  on,  17
article,  about,  11
article,  in,  8
artist,  and,  5
artist,  is,  5
artists,  and,  5
arts,  center,  5
arts,  and,  5
as,  a,  402
as,  well,  257
as,  i,  168
ashamed,  of,  8
aside,  from,  7
ask,  for,  56
ask,  me,  46
ask,  you,  22
asked,  me,  34
asked,  for,  19
asked,  if,  16
asking,  for,  21
asking,  me,  11
asking,  if,  5
asks,  me,  5
asks,  for,  5
asks,  you,  5
asleep,  on,  9
asleep,  in,  8
asleep,  and,  6
aspect,  of,  7
aspects,  of,  6
ass,  off,  13
ass,  and,  11
ass,  in,  11
assist,  you,  5
associated,  with,  7
assume,  that,  6
assume,  you,  5
at,  the,  1686
at,  least,  336
at,  pm,  294
ate,  a,  13
ate,  the,  6
ate,  my,  5
attached,  to,  9
attacked,  by,  5
attempt,  to,  17
attempt,  at,  6
attempting,  to,  10
attend,  the,  8
attend,  a,  5
attending,  the,  15
attending,  a,  5
attention,  to,  28
attitude,  is,  5
attracted,  to,  7
audition,  for,  11
auditions,  for,  5
austin,  is,  12
austin,  and,  8
austin,  i,  7
author,  of,  12
auto,  update,  5
auto,  correct,  5
available,  for,  27
available,  in,  16
available,  on,  16
avengers,  was,  9
average,  of,  5
avoid,  the,  12
aw,  thanks,  16
aw,  i,  12
aw,  thank,  7
awake,  and,  6
awake,  for,  5
awake,  at,  5
award,  for,  15
award,  winning,  8
aware,  of,  17
away,  from,  131
away,  with,  20
away,  and,  17
awe,  thanks,  5
awesome,  i,  39
awesome,  thanks,  26
awesome,  and,  23
awkward,  moment,  68
aww,  thanks,  15
aww,  i,  13
aww,  thank,  9
awww,  i,  8
awww,  thanks,  7
awww,  thank,  5
b,  a,  19
b,  i,  12
b,  the,  11
babe,  i,  6
baby,  i,  19
baby,  girl,  15
baby,  you,  11
back,  to,  474
back,  in,  215
back,  on,  112
backed,  up,  5
bacon,  and,  5
bad,  for,  40
bad,  i,  33
bad,  news,  19
bag,  of,  22
bag,  and,  5
balboa,  park,  5
ball,  in,  7
ball,  and,  6
ball,  to,  5
balls,  to,  6
band,  is,  9
band,  and,  7
band,  of,  6
bank,  of,  7
bank,  account,  6
baptist,  church,  5
bar,  and,  14
bar,  in,  13
bar,  tonight,  6
baseball,  game,  11
baseball,  season,  7
baseball,  team,  6
based,  on,  55
based,  in,  7
basketball,  game,  9
basketball,  team,  7
basketball,  is,  5
batch,  of,  7
battle,  of,  16
battle,  with,  6
bay,  area,  15
bc,  i,  28
bc,  of,  19
bc,  they,  9
bday,  party,  9
bday,  to,  8
bday,  is,  7
be,  a,  765
be,  the,  350
be,  in,  277
beach,  and,  6
beach,  boys,  6
beach,  in,  5
beastie,  boys,  16
beat,  the,  39
beat,  me,  10
beat,  up,  9
beating,  the,  5
beautiful,  day,  82
beautiful,  and,  24
beautiful,  i,  11
beauty,  of,  11
beauty,  is,  8
beauty,  and,  7
became,  a,  11
became,  the,  6
because,  i,  176
because,  of,  107
because,  you,  75
become,  a,  53
become,  the,  15
become,  an,  7
becomes,  a,  11
becoming,  a,  18
becoming,  the,  5
bed,  and,  19
bed,  i,  12
bed,  with,  11
been,  a,  171
been,  on,  78
been,  to,  57
beer,  and,  23
beer,  in,  10
beer,  is,  9
before,  i,  97
before,  the,  79
before,  you,  68
begin,  to,  13
begin,  with,  9
beginning,  of,  26
beginning,  to,  14
begins,  with,  8
begins,  at,  5
behalf,  of,  11
behind,  the,  44
behind,  me,  14
behind,  you,  10
being,  a,  127
being,  in,  35
being,  the,  33
belated,  birthday,  6
believe,  in,  72
believe,  that,  50
believe,  it,  44
believes,  in,  5
believing,  in,  5
belly,  button,  5
belong,  to,  8
belongs,  to,  11
below,  the,  5
benefit,  of,  7
benefit,  from,  5
benefits,  of,  9
besides,  the,  7
best,  friend,  85
best,  of,  83
best,  thing,  41
bet,  you,  24
bet,  it,  10
bet,  i,  9
better,  than,  203
better,  to,  34
better,  be,  33
betty,  white,  5
between,  the,  31
between,  a,  15
between,  and,  11
beware,  of,  5
beyond,  the,  12
bieber,  is,  8
big,  fan,  34
big,  time,  28
big,  deal,  26
bigger,  than,  14
biggest,  fan,  13
bike,  ride,  11
bike,  to,  7
bill,  to,  5
billion,  in,  5
birth,  control,  8
birth,  to,  6
birth,  of,  5
birthday,  to,  94
birthday,  is,  20
birthday,  and,  20
bit,  of,  49
bit,  more,  13
bit,  too,  7
bitch,  i,  16
bitch,  you,  10
bitch,  is,  9
black,  and,  19
black,  friday,  15
black,  people,  13
blah,  blah,  18
blame,  the,  10
blame,  it,  7
blame,  you,  6
blast,  at,  6
bless,  you,  22
bless,  the,  5
bless,  u,  5
blessed,  to,  13
blessed,  day,  13
blessed,  and,  5
blessings,  to,  6
blew,  my,  5
block,  party,  6
block,  of,  5
blocked,  me,  5
blog,  post,  27
blog,  is,  9
blog,  about,  8
bloody,  mary,  6
blow,  up,  11
blow,  out,  5
blow,  it,  5
blowing,  up,  11
blown,  away,  8
blue,  and,  8
board,  of,  9
board,  meeting,  8
board,  with,  5
body,  is,  18
body,  and,  8
body,  of,  7
boo,  boo,  9
boo,  i,  5
book,  and,  18
book,  is,  18
book,  of,  15
booked,  a,  7
booked,  for,  5
books,  and,  12
books,  for,  8
books,  to,  8
boot,  camp,  8
booth,  at,  13
booth,  and,  7
bored,  as,  11
bored,  and,  9
bored,  i,  7
born,  in,  17
born,  to,  11
born,  on,  6
boss,  is,  5
boston,  add,  6
both,  of,  47
both,  are,  13
both,  the,  12
bother,  me,  7
bothers,  me,  5
bottle,  of,  30
bottles,  of,  12
bottom,  of,  26
bottom,  line,  7
bought,  a,  28
bought,  the,  13
bought,  my,  13
bounce,  back,  5
bound,  to,  9
bout,  to,  113
bout,  that,  14
bout,  it,  11
bowl,  of,  12
box,  of,  18
box,  office,  7
boxes,  of,  5
boy,  is,  11
boy,  i,  11
boy,  you,  9
boyfriend,  is,  13
boyfriend,  and,  6
boyfriend,  i,  5
boys,  are,  15
boys,  and,  12
boys,  in,  7
brag,  about,  5
brain,  is,  11
brand,  new,  34
bread,  and,  6
break,  from,  20
break,  a,  15
break,  up,  13
breakfast,  and,  8
breakfast,  at,  8
breakfast,  with,  7
breaking,  news,  22
breaking,  bad,  5
breaking,  the,  5
breaks,  my,  5
breast,  cancer,  10
brewers,  game,  7
brewers,  are,  5
bright,  side,  9
bright,  and,  9
bring,  it,  46
bring,  me,  28
bring,  the,  27
bringing,  the,  8
bringing,  me,  5
bringing,  it,  5
brings,  back,  7
brings,  out,  5
brings,  me,  5
bro,  i,  18
bro,  you,  8
bro,  and,  6
broke,  my,  14
broke,  up,  11
broke,  the,  8
broken,  heart,  5
brother,  is,  13
brother,  and,  8
brother,  i,  5
brothers,  and,  5
brought,  to,  12
brought,  me,  9
brought,  a,  6
brown,  is,  5
brunch,  at,  5
btw,  i,  14
bucket,  list,  10
bud,  light,  8
build,  a,  23
build,  your,  6
building,  a,  14
building,  the,  6
building,  and,  5
built,  in,  7
built,  on,  7
bulls,  game,  6
bummed,  i,  6
bunch,  of,  77
burger,  king,  9
bus,  to,  8
bus,  stop,  8
bus,  driver,  7
business,  is,  14
business,  and,  13
business,  cards,  12
bust,  out,  5
busy,  day,  24
busy,  busy,  12
busy,  with,  11
but,  i,  836
but,  it,  196
but,  i'm,  188
butter,  and,  6
button,  on,  6
buy,  a,  61
buy,  it,  22
buy,  the,  20
buying,  a,  14
buying,  the,  5
by,  the,  354
by,  a,  109
by,  and,  60
bye,  bye,  14
c,  u,  21
c,  and,  5
cabin,  in,  9
cafe,  in,  7
cake,  cake,  21
cake,  and,  6
cake,  for,  5
call,  me,  139
call,  it,  60
call,  us,  34
called,  the,  25
called,  me,  24
called,  a,  20
calling,  me,  15
calling,  it,  12
calling,  all,  9
calls,  for,  13
calls,  me,  9
calls,  and,  6
calm,  down,  15
calm,  and,  7
came,  out,  69
came,  to,  44
came,  up,  22
campaign,  for,  5
can,  you,  274
can,  be,  250
can,  i,  241
candidate,  for,  5
cannot,  wait,  29
cannot,  be,  22
cannot,  believe,  9
cant,  wait,  121
cant,  believe,  19
cant,  get,  15
can't,  wait,  649
can't,  believe,  115
can't,  get,  71
capable,  of,  12
captain,  america,  9
car,  and,  16
car,  is,  12
car,  in,  8
card,  to,  8
card,  for,  6
cards,  for,  5
cards,  and,  5
cards,  are,  5
care,  of,  69
care,  about,  60
care,  if,  20
cared,  about,  5
career,  in,  5
cares,  about,  15
carry,  on,  9
carry,  a,  6
case,  of,  22
case,  you,  21
case,  i,  8
cast,  of,  9
cast,  and,  6
cat,  is,  8
catch,  up,  68
catch,  the,  18
catch,  a,  14
catching,  up,  40
cats,  and,  6
cats,  are,  6
caught,  up,  24
caught,  the,  7
caught,  in,  7
cause,  i,  83
cause,  you,  25
cause,  i'm,  23
caused,  by,  7
cd,  release,  9
celebrate,  the,  17
celebrate,  with,  11
celebrate,  your,  5
celebrating,  the,  9
celebrating,  my,  6
celebration,  of,  8
cell,  phone,  22
cell,  phones,  8
center,  for,  15
center,  of,  10
center,  in,  9
central,  park,  8
ceo,  of,  9
challenge,  is,  5
chamber,  of,  5
championship,  game,  8
chance,  to,  117
chance,  of,  24
chance,  i,  8
chances,  of,  8
chances,  are,  6
chances,  to,  5
change,  the,  50
change,  your,  39
change,  my,  27
changed,  my,  25
changed,  the,  13
changed,  it,  5
changes,  to,  7
changes,  in,  7
changing,  the,  12
changing,  my,  9
channel,  is,  6
chapter,  of,  6
character,  is,  6
character,  in,  5
charge,  of,  7
charge,  for,  5
charged,  with,  6
chat,  with,  18
chat,  about,  7
chatting,  with,  13
cheaper,  than,  5
cheat,  on,  6
cheated,  on,  6
cheating,  on,  6
check,  out,  385
check,  it,  126
check,  us,  37
checked,  out,  28
checked,  in,  6
checked,  it,  5
checking,  out,  36
checking,  in,  14
checking,  it,  7
cheer,  up,  7
cheer,  for,  7
cheer,  on,  6
cheering,  for,  9
cheers,  to,  19
cheese,  and,  10
chi,  town,  5
chicago,  for,  7
chicago,  is,  7
chicago,  and,  7
chicken,  and,  10
chicken,  wings,  5
child,  support,  7
child,  of,  5
child,  is,  5
children,  are,  9
children,  and,  8
children,  in,  8
chill,  with,  11
chill,  out,  8
chill,  and,  5
chillin,  with,  8
chillin,  at,  6
chillin,  in,  5
chilling,  with,  6
chinese,  food,  12
chip,  cookies,  6
chips,  and,  7
chocolate,  and,  8
chocolate,  cake,  6
chocolate,  milk,  5
choice,  of,  10
choice,  for,  9
choice,  to,  7
choose,  to,  23
choose,  the,  8
choose,  from,  7
chose,  to,  8
chris,  brown,  22
christmas,  to,  13
christmas,  eve,  12
christmas,  is,  11
church,  in,  6
church,  and,  6
circle,  of,  5
city,  of,  22
city,  and,  12
city,  is,  12
civil,  rights,  11
civil,  war,  11
claim,  to,  5
class,  and,  20
class,  is,  20
class,  of,  17
classes,  for,  6
classes,  are,  6
classes,  and,  5
clean,  up,  15
clean,  my,  9
clean,  and,  6
cleaning,  up,  8
cleaning,  my,  8
cleaning,  the,  5
click,  on,  17
click,  the,  9
clients,  and,  5
climate,  change,  5
close,  to,  83
close,  your,  9
close,  the,  7
closed,  on,  8
closed,  today,  7
closed,  for,  6
closer,  to,  34
clothes,  and,  6
club,  in,  8
club,  and,  6
club,  is,  6
clue,  what,  7
coach,  of,  5
coach,  and,  5
code,  for,  9
code,  to,  5
coffee,  and,  26
coffee,  is,  14
coffee,  shop,  12
cold,  and,  14
cold,  in,  11
cold,  outside,  7
collection,  of,  9
college,  football,  12
college,  basketball,  7
college,  and,  7
color,  of,  6
color,  is,  6
combination,  of,  9
combo,  of,  5
come,  to,  234
come,  on,  185
come,  out,  114
comedy,  show,  5
comes,  to,  59
comes,  out,  36
comes,  from,  23
comic,  book,  12
comin,  to,  5
coming,  to,  148
coming,  up,  88
coming,  soon,  80
comment,  on,  15
comments,  on,  10
comments,  about,  5
commercial,  for,  6
commercial,  is,  5
commercials,  are,  5
commit,  to,  6
commitment,  to,  9
committed,  to,  11
common,  sense,  11
communication,  is,  5
community,  is,  6
community,  and,  6
community,  college,  6
company,  is,  8
company,  that,  7
company,  in,  6
compare,  to,  5
compared,  to,  25
compete,  with,  7
complain,  about,  17
complaining,  about,  12
complete,  with,  5
complete,  the,  5
completely,  agree,  7
completely,  different,  6
computer,  is,  6
computer,  and,  6
concentrate,  on,  6
concept,  of,  8
concerned,  about,  10
concert,  in,  13
concert,  tonight,  11
concert,  at,  8
condolences,  to,  5
conference,  in,  18
conference,  call,  8
conference,  on,  6
confidence,  in,  5
congrats,  to,  154
congrats,  on,  108
congrats,  and,  12
congratulations,  to,  58
congratulations,  on,  24
congratulations,  and,  5
connect,  with,  25
connect,  to,  6
connected,  to,  9
connected,  with,  6
connecting,  with,  7
connection,  to,  5
consider,  it,  10
consider,  the,  6
considered,  a,  7
considering,  the,  6
consists,  of,  6
contact,  me,  30
contact,  us,  24
contact,  with,  12
content,  is,  7
content,  to,  5
content,  with,  5
contest,  for,  5
continue,  to,  42
continues,  to,  15
continuing,  to,  6
contribute,  to,  6
control,  of,  11
control,  the,  5
convention,  center,  10
conversation,  with,  16
conversation,  about,  6
conversations,  with,  5
convinced,  that,  7
convo,  with,  5
cook,  for,  5
cookies,  and,  8
cookies,  for,  5
cooking,  up,  5
cool,  i,  34
cool,  to,  23
cool,  and,  19
cooler,  than,  8
copies,  of,  10
copy,  of,  41
corner,  of,  14
cost,  of,  12
cost,  to,  6
could,  be,  175
could,  have,  84
could,  get,  39
couldn't,  be,  18
couldn't,  get,  16
couldn't,  agree,  16
could've,  been,  6
count,  on,  13
count,  me,  9
count,  as,  7
countdown,  to,  9
counting,  down,  12
counting,  the,  5
country,  music,  17
country,  is,  6
country,  and,  6
couple,  of,  75
couple,  weeks,  15
couple,  days,  13
coupon,  code,  7
courage,  to,  12
courage,  is,  6
course,  i,  28
course,  you,  13
course,  the,  10
courtesy,  of,  13
cover,  of,  21
cover,  the,  8
cover,  up,  5
coverage,  of,  9
covered,  in,  11
covering,  the,  6
crack,  me,  7
cracking,  me,  5
cracking,  up,  5
cracks,  me,  8
craft,  beer,  7
crap,  i,  10
crap,  out,  7
craving,  a,  6
craving,  for,  6
crazy,  but,  17
crazy,  how,  13
crazy,  i,  11
cream,  and,  7
cream,  cheese,  6
create,  a,  30
create,  the,  7
create,  an,  6
created,  a,  11
created,  by,  7
creating,  a,  14
creative,  and,  5
creativity,  is,  5
creator,  of,  5
credit,  card,  13
credit,  for,  12
credit,  cards,  6
cried,  when,  7
criminal,  minds,  6
cross,  the,  10
crossed,  for,  7
crossing,  my,  5
crowd,  at,  6
crush,  on,  19
cry,  for,  5
cry,  and,  5
cry,  i,  5
cuddle,  with,  5
culture,  of,  6
cup,  of,  37
cups,  of,  8
cure,  for,  9
curious,  to,  10
curious,  about,  8
currently,  in,  7
customer,  service,  31
cut,  it,  13
cut,  my,  11
cut,  off,  11
cute,  and,  13
cute,  i,  11
cute,  but,  7
cuz,  i,  53
cuz,  i'm,  11
cuz,  you,  9
d,  i,  24
d,  and,  14
d,  rt,  8
da,  best,  7
dad,  is,  17
dad,  and,  10
dad,  just,  7
daily,  news,  5
damn,  i,  41
damn,  it,  20
damn,  you,  20
dance,  with,  12
dance,  party,  10
dance,  floor,  8
dancing,  with,  14
dancing,  in,  7
dancing,  to,  6
dang,  i,  8
dang,  it,  6
dare,  you,  14
dare,  to,  7
dark,  chocolate,  9
dark,  side,  8
dark,  and,  6
data,  is,  7
data,  to,  5
data,  and,  5
date,  with,  17
date,  night,  10
date,  for,  9
daughter,  is,  9
daughter,  and,  6
daughter,  to,  5
davis,  is,  5
day,  of,  221
day,  to,  185
day,  in,  127
days,  of,  54
days,  until,  38
days,  i,  26
dc,  for,  9
dc,  is,  6
dc,  and,  6
de,  mayo,  52
de,  la,  7
dead,  and,  7
dead,  in,  6
dead,  at,  5
deadline,  is,  6
deadline,  for,  5
deal,  with,  56
deal,  for,  8
deal,  of,  6
dealing,  with,  21
deals,  on,  8
dear,  god,  10
dear,  friend,  7
dear,  i,  6
death,  of,  24
death,  and,  6
death,  is,  6
debit,  card,  5
decide,  to,  17
decide,  if,  10
decide,  what,  6
decided,  to,  54
decided,  that,  8
decides,  to,  10
decision,  to,  12
decisions,  decisions,  6
dedicated,  to,  14
deep,  in,  9
deep,  breath,  5
deep,  down,  5
def,  a,  5
defense,  is,  6
definitely,  not,  19
definitely,  a,  19
definitely,  be,  15
definition,  of,  21
degree,  weather,  7
degrees,  in,  11
degrees,  and,  6
degrees,  outside,  5
delete,  it,  6
delicious,  and,  5
delivered,  to,  6
department,  of,  5
depend,  on,  10
depending,  on,  14
depends,  on,  38
dept,  of,  5
derrick,  rose,  8
describe,  how,  5
deserve,  it,  23
deserve,  to,  17
deserve,  a,  9
deserved,  it,  6
deserves,  a,  12
deserves,  to,  7
deserves,  it,  7
design,  and,  9
design,  is,  7
design,  for,  7
designed,  to,  7
desire,  to,  13
despite,  the,  11
details,  on,  11
details,  to,  10
details,  coming,  7
determined,  to,  9
develop,  a,  7
dick,  in,  5
did,  you,  462
did,  i,  134
did,  it,  84
didnt,  know,  12
didnt,  even,  10
didnt,  get,  9
didn't,  know,  81
didn't,  get,  60
didn't,  have,  48
die,  in,  8
die,  for,  8
die,  i,  6
died,  in,  9
died,  at,  5
died,  of,  5
diet,  and,  5
difference,  between,  42
difference,  in,  12
difference,  is,  5
different,  than,  10
different,  from,  10
different,  things,  6
difficult,  to,  18
dig,  it,  11
dig,  the,  7
digging,  the,  6
digital,  media,  7
dinner,  with,  30
dinner,  at,  21
dinner,  tonight,  18
direct,  message,  17
direct,  messages,  5
directed,  by,  6
direction,  of,  5
directly,  to,  6
director,  of,  12
disagree,  with,  7
disappointed,  in,  8
disappointed,  that,  5
discount,  on,  5
discover,  the,  5
discovered,  that,  6
discovered,  the,  5
discuss,  the,  7
discussing,  the,  6
discussion,  on,  9
discussion,  of,  7
discussion,  about,  6
disney,  world,  6
distracted,  by,  6
ditto,  rt,  6
dm,  me,  77
dm,  you,  27
dm,  us,  20
do,  you,  882
do,  it,  354
do,  i,  219
doctor,  who,  6
documentary,  on,  6
does,  not,  95
does,  it,  86
does,  that,  72
doesnt,  mean,  8
doesnt,  have,  5
doesn't,  mean,  42
doesn't,  have,  38
doesn't,  make,  25
dog,  is,  14
dog,  and,  9
dog,  to,  5
dogs,  are,  7
dogs,  and,  6
doin,  it,  6
doing,  a,  64
doing,  it,  58
doing,  the,  57
dollars,  to,  5
donate,  to,  9
donated,  to,  6
donation,  to,  5
done,  with,  82
done,  and,  25
done,  for,  21
donna,  summer,  10
dont,  know,  63
dont,  have,  43
dont,  want,  33
don't,  know,  340
don't,  have,  225
don't,  want,  161
door,  to,  10
door,  for,  8
door,  and,  6
doors,  open,  12
doors,  are,  5
doors,  at,  5
dose,  of,  10
doubt,  it,  10
doubt,  that,  9
down,  to,  119
down,  the,  102
down,  and,  54
download,  the,  8
download,  it,  6
downloaded,  the,  5
draft,  of,  6
dragon,  tattoo,  5
draw,  something,  15
draw,  a,  5
dream,  of,  17
dream,  come,  13
dream,  about,  11
dreaming,  of,  8
dreaming,  about,  5
dreams,  come,  14
dreams,  are,  10
dreams,  and,  9
dress,  up,  9
dress,  and,  6
dress,  for,  6
dressed,  up,  8
dressed,  in,  5
dressed,  as,  5
dressing,  up,  5
drink,  and,  14
drink,  specials,  11
drink,  a,  11
drinking,  a,  12
drinking,  coffee,  6
drinking,  and,  5
drinks,  and,  12
drinks,  with,  5
drive,  to,  17
drive,  in,  8
drive,  a,  7
drives,  me,  7
driving,  to,  13
driving,  me,  10
driving,  in,  8
drop,  the,  9
drop,  by,  8
drop,  it,  7
dropped,  my,  6
dropped,  a,  6
dropped,  off,  6
drunk,  and,  10
drunk,  on,  6
dude,  i,  29
dude,  you,  14
dude,  is,  14
due,  to,  84
due,  tomorrow,  5
dumb,  and,  5
dunk,  contest,  5
during,  the,  95
during,  a,  17
during,  my,  11
dying,  to,  14
dying,  for,  5
each,  other,  106
each,  day,  24
each,  of,  12
eager,  to,  7
earlier,  today,  12
earlier,  this,  8
early,  to,  32
early,  for,  22
early,  morning,  18
earned,  the,  6
earth,  day,  21
earth,  is,  7
earthquake,  in,  5
easier,  to,  30
easier,  than,  6
easier,  for,  6
east,  coast,  25
east,  side,  8
east,  of,  5
easter,  to,  10
easter,  everyone,  7
easter,  weekend,  7
easy,  to,  49
easy,  for,  8
easy,  but,  7
eat,  a,  22
eat,  it,  17
eat,  the,  14
eating,  a,  19
eating,  at,  6
eating,  the,  6
edge,  of,  11
edition,  of,  7
education,  is,  12
education,  and,  7
effect,  of,  5
effects,  of,  7
effort,  to,  10
efforts,  to,  6
eggs,  and,  7
either,  way,  29
either,  of,  9
either,  i,  9
election,  day,  5
elementary,  school,  9
else,  is,  41
else,  to,  18
else,  in,  11
em,  up,  9
em,  out,  9
em,  all,  8
email,  me,  45
email,  address,  22
email,  to,  22
emailed,  you,  7
emails,  from,  6
embrace,  the,  5
end,  of,  178
end,  up,  70
end,  the,  21
ended,  up,  24
ends,  up,  8
ends,  with,  6
ends,  in,  5
energy,  and,  9
energy,  to,  8
energy,  drink,  5
engage,  in,  5
english,  class,  5
enjoy,  the,  86
enjoy,  your,  63
enjoy,  it,  35
enjoyed,  the,  32
enjoyed,  it,  30
enjoyed,  your,  20
enjoying,  the,  41
enjoying,  a,  19
enjoying,  my,  11
enough,  to,  104
enough,  for,  30
enough,  of,  18
enter,  to,  10
enter,  the,  10
entered,  to,  6
entering,  the,  5
entire,  life,  6
entire,  day,  5
entire,  world,  5
entitled,  to,  6
epic,  fail,  5
episode,  of,  50
episode,  is,  6
episodes,  of,  11
equivalent,  of,  6
especially,  when,  20
especially,  if,  13
especially,  the,  12
essential,  to,  5
et,  al,  8
even,  if,  85
even,  though,  79
even,  know,  64
evening,  with,  8
evening,  and,  6
evening,  of,  5
event,  in,  16
event,  at,  15
event,  on,  12
events,  in,  9
events,  and,  6
ever,  seen,  43
ever,  been,  30
ever,  had,  24
every,  time,  122
every,  day,  93
every,  single,  35
everybody,  is,  11
everybody,  else,  9
everybody,  has,  6
everyday,  i,  9
everyday,  is,  7
everyday,  and,  6
everyone,  is,  71
everyone,  who,  64
everyone,  else,  43
everything,  is,  54
everything,  you,  32
everything,  i,  31
everytime,  i,  24
everywhere,  i,  6
evidence,  of,  5
exact,  same,  12
exactly,  what,  32
exactly,  the,  11
exactly,  how,  9
example,  of,  18
examples,  of,  8
except,  for,  25
except,  the,  8
except,  that,  5
excited,  to,  214
excited,  for,  145
excited,  about,  85
exciting,  news,  8
exciting,  things,  6
exciting,  to,  6
excuse,  me,  20
excuse,  to,  17
excuse,  for,  8
exist,  in,  5
expect,  to,  17
expect,  a,  11
expect,  the,  7
expected,  to,  13
expecting,  a,  5
experience,  is,  10
experience,  with,  10
experience,  and,  9
explain,  to,  10
explain,  why,  7
explain,  the,  6
eye,  out,  15
eye,  on,  13
eye,  contact,  8
eyes,  and,  15
eyes,  are,  13
eyes,  open,  9
fabulous,  day,  5
face,  of,  13
face,  and,  13
face,  is,  12
facebook,  page,  34
facebook,  and,  27
facebook,  is,  16
fact,  that,  68
fact,  i,  11
fact,  of,  9
factor,  in,  5
factsaboutme,  i,  6
fail,  to,  9
failed,  to,  7
fails,  to,  7
failure,  is,  14
failure,  to,  5
fair,  enough,  9
fair,  to,  5
fair,  and,  5
faith,  in,  20
faith,  is,  8
faith,  and,  6
fake,  people,  5
fall,  asleep,  40
fall,  in,  27
fall,  for,  15
falling,  asleep,  13
falling,  in,  12
falling,  apart,  5
familiar,  with,  9
family,  and,  35
family,  is,  21
family,  in,  13
fan,  of,  74
fan,  i,  15
fan,  but,  14
fans,  are,  23
fans,  and,  13
fans,  of,  12
fantastic,  day,  6
fantasy,  football,  10
fantasy,  baseball,  6
far,  away,  25
far,  as,  22
far,  from,  21
farmers,  market,  15
farmer's,  market,  5
fashion,  show,  14
fashion,  week,  6
fast,  and,  11
fast,  food,  10
fast,  enough,  7
faster,  than,  16
fat,  tuesday,  6
fat,  and,  6
father,  of,  5
fathers,  day,  6
father's,  day,  10
favor,  of,  8
favor,  and,  8
favorite,  song,  23
favorite,  part,  14
favorite,  thing,  11
fb,  page,  16
fb,  and,  9
fear,  of,  20
fear,  is,  9
fear,  the,  9
feature,  film,  6
feature,  on,  6
featured,  in,  9
featured,  on,  8
featuring,  the,  5
feed,  the,  7
feedback,  on,  7
feedback,  and,  5
feel,  like,  306
feel,  better,  74
feel,  so,  55
feelin,  like,  5
feeling,  like,  25
feeling,  better,  19
feeling,  the,  16
feelings,  for,  7
feels,  like,  71
feels,  good,  31
feels,  so,  19
feet,  are,  6
feet,  of,  5
feet,  away,  5
fell,  asleep,  20
fell,  in,  11
fell,  off,  9
felt,  like,  24
felt,  so,  10
felt,  the,  8
festival,  in,  8
festival,  of,  5
few,  days,  59
few,  weeks,  39
few,  hours,  30
ff,  to,  17
ff,  love,  11
ff,  for,  9
field,  trip,  11
field,  of,  6
field,  goal,  5
fight,  for,  20
fight,  with,  9
fight,  the,  6
fighting,  for,  10
fighting,  the,  5
figure,  out,  75
figure,  it,  15
figure,  this,  5
figured,  out,  20
figured,  it,  10
figured,  that,  5
figuring,  out,  9
fill,  in,  12
fill,  out,  7
fill,  the,  7
filled,  with,  33
filling,  up,  6
film,  festival,  19
film,  and,  5
film,  fest,  5
final,  four,  15
final,  day,  5
finale,  of,  10
finally,  got,  37
finally,  get,  14
finally,  getting,  13
finals,  week,  7
finals,  and,  5
finals,  are,  5
find,  out,  113
find,  a,  105
find,  it,  59
finding,  a,  14
finding,  out,  11
finding,  the,  10
fine,  with,  9
fine,  i,  9
fine,  but,  7
fingers,  are,  5
finish,  the,  13
finish,  this,  12
finish,  my,  11
finished,  a,  27
finished,  the,  18
finished,  my,  16
finishing,  up,  17
finna,  go,  5
fire,  and,  10
fire,  in,  7
fired,  up,  10
first,  time,  162
first,  day,  64
first,  thing,  21
fish,  and,  6
fish,  tacos,  5
fit,  in,  16
fit,  for,  7
fit,  into,  6
five,  minutes,  9
five,  years,  8
five,  days,  5
fix,  it,  17
fix,  the,  9
fix,  that,  7
fixed,  it,  5
flat,  out,  5
flight,  to,  16
flirting,  with,  5
floor,  of,  6
floor,  and,  5
florida,  and,  5
fly,  to,  8
fly,  by,  5
flying,  to,  6
focus,  on,  58
focused,  on,  18
focusing,  on,  13
folks,  at,  8
folks,  who,  8
folks,  are,  7
follow,  me,  549
follow,  back,  192
follow,  you,  73
followed,  me,  35
followed,  by,  34
followed,  you,  21
followers,  and,  19
followers,  i,  18
followers,  to,  14
following,  me,  114
following,  you,  53
following,  us,  39
follows,  me,  12
follows,  back,  11
follows,  you,  5
fond,  of,  5
food,  and,  45
food,  for,  16
food,  is,  16
fools,  day,  5
foot,  in,  5
football,  game,  10
football,  season,  9
football,  team,  9
for,  the,  3340
for,  a,  1340
for,  you,  532
forced,  to,  14
forecast,  for,  9
forever,  to,  11
forever,  and,  9
forever,  be,  6
forget,  to,  88
forget,  the,  32
forget,  about,  31
forgive,  me,  9
forgive,  you,  7
forgot,  to,  45
forgot,  about,  21
forgot,  how,  20
form,  of,  22
forms,  of,  5
fort,  worth,  5
forward,  to,  531
found,  out,  62
found,  a,  41
found,  the,  27
foundation,  of,  5
founder,  of,  7
four,  years,  7
four,  days,  7
four,  hours,  5
fourth,  be,  7
fox,  news,  15
freak,  out,  10
freaked,  out,  8
freaking,  out,  18
freaking,  love,  7
free,  to,  57
free,  and,  13
free,  for,  11
freedom,  of,  6
freedom,  to,  5
fresh,  air,  7
freshman,  year,  7
friday,  night,  61
friday,  and,  25
friday,  the,  23
fried,  chicken,  11
friend,  and,  26
friend,  is,  23
friend,  of,  18
friends,  and,  64
friends,  are,  30
friends,  to,  27
friendship,  is,  5
fries,  and,  6
from,  the,  545
from,  a,  164
from,  my,  131
front,  of,  88
front,  row,  9
front,  door,  8
fuck,  you,  49
fuck,  up,  30
fuck,  it,  28
fucked,  up,  38
fucking,  hate,  11
fucking,  love,  10
fucking,  with,  7
full,  of,  104
full,  time,  12
full,  day,  10
fun,  to,  46
fun,  and,  43
fun,  of,  27
funding,  for,  5
funniest,  thing,  6
funny,  how,  40
funny,  i,  18
funny,  and,  15
future,  of,  26
future,  is,  13
future,  and,  5
fwd,  to,  13
game,  is,  56
game,  of,  56
game,  tonight,  39
games,  and,  14
games,  in,  11
games,  are,  9
gas,  station,  12
gas,  prices,  9
gave,  me,  53
gave,  up,  19
gave,  you,  14
gay,  marriage,  24
gearing,  up,  18
generation,  of,  5
get,  a,  438
get,  to,  305
get,  it,  272
gets,  a,  30
gets,  the,  24
gets,  me,  20
gettin,  ready,  8
gettin,  it,  6
gettin,  my,  5
getting,  ready,  132
getting,  a,  88
getting,  my,  45
gift,  card,  24
gift,  for,  11
gift,  of,  10
gig,  at,  5
gimme,  a,  6
girl,  i,  36
girl,  in,  24
girl,  is,  23
girlfriend,  is,  5
girls,  are,  24
girls,  who,  14
girls,  that,  13
give,  me,  133
give,  you,  85
give,  a,  82
given,  the,  12
given,  up,  9
given,  to,  8
gives,  me,  26
gives,  you,  22
gives,  a,  14
giving,  away,  28
giving,  me,  24
giving,  up,  22
glad,  you,  176
glad,  to,  147
glad,  i,  70
glass,  of,  26
glasses,  of,  5
gluten,  free,  8
go,  to,  628
go,  back,  103
go,  on,  91
goal,  is,  17
goal,  for,  10
goal,  of,  10
goals,  and,  8
goals,  for,  7
god,  is,  61
god,  bless,  61
god,  i,  42
goes,  to,  51
goes,  on,  24
goes,  out,  16
goin,  to,  36
goin,  on,  12
goin,  down,  7
going,  to,  1539
going,  on,  173
going,  out,  40
golf,  course,  7
gon,  be,  9
gone,  be,  16
gone,  to,  16
gone,  for,  9
gonna,  be,  256
gonna,  get,  46
gonna,  go,  44
good,  morning,  348
good,  luck,  284
good,  to,  198
goodbye,  to,  10
goodness,  for,  8
goodness,  i,  6
goodnight,  everyone,  9
goodnight,  twitter,  9
google,  is,  7
google,  it,  7
google,  and,  6
gorgeous,  day,  14
gorgeous,  and,  5
gosh,  i,  13
gossip,  girl,  6
got,  a,  354
got,  to,  181
got,  the,  132
gotta,  love,  52
gotta,  get,  49
gotta,  be,  36
gotten,  a,  8
grab,  a,  24
grab,  some,  7
grab,  your,  5
grad,  school,  13
grad,  students,  6
grand,  opening,  17
graphic,  design,  7
grateful,  for,  23
grateful,  to,  8
great,  day,  190
great,  to,  150
great,  time,  108
greater,  than,  9
greatest,  thing,  6
greatly,  appreciated,  6
green,  bay,  16
green,  tea,  9
green,  and,  9
greetings,  from,  5
grew,  up,  26
grilled,  cheese,  13
grocery,  store,  14
grocery,  shopping,  7
group,  of,  36
group,  is,  6
group,  and,  5
grow,  up,  35
grow,  a,  7
grow,  the,  5
growing,  up,  20
grown,  up,  9
guarantee,  you,  5
guess,  i,  64
guess,  what,  36
guess,  i'll,  24
guest,  list,  8
guest,  on,  6
guide,  to,  7
guilty,  of,  6
guilty,  pleasure,  5
gunna,  be,  13
guy,  who,  37
guy,  in,  26
guy,  is,  26
guys,  are,  85
guys,  i,  25
guys,  have,  25
gym,  and,  6
gym,  time,  6
gym,  today,  5
ha,  ha,  61
ha,  i,  32
ha,  rt,  11
habit,  of,  8
had,  a,  590
had,  to,  227
had,  the,  97
haha,  i,  122
haha,  yeah,  22
haha,  you,  22
hahah,  i,  9
hahaha,  i,  30
hahaha,  you,  8
hahaha,  yeah,  5
hahahaha,  i,  8
hair,  is,  21
hair,  and,  17
hair,  cut,  11
half,  of,  39
half,  the,  23
half,  a,  13
halftime,  show,  8
halfway,  through,  6
hall,  of,  18
hand,  in,  11
hand,  and,  9
hand,  is,  7
handful,  of,  8
handing,  out,  6
handle,  it,  10
handle,  the,  8
handle,  this,  5
hands,  down,  16
hands,  on,  14
hands,  and,  8
hang,  out,  73
hang,  with,  18
hang,  in,  16
hanging,  out,  54
hanging,  with,  19
hanging,  in,  6
hangout,  with,  5
happen,  to,  41
happen,  in,  11
happen,  for,  7
happened,  to,  74
happened,  in,  7
happened,  with,  5
happening,  in,  13
happening,  now,  7
happening,  to,  6
happens,  to,  26
happens,  when,  20
happens,  in,  8
happiness,  is,  23
happiness,  and,  6
happy,  birthday,  376
happy,  to,  145
happy,  new,  89
hard,  to,  170
hard,  work,  45
hard,  for,  25
harder,  to,  12
harder,  than,  11
hardest,  thing,  7
hardest,  part,  6
has,  been,  289
has,  a,  263
has,  to,  117
hash,  tag,  8
hashtag,  for,  6
hasn't,  been,  14
hate,  when,  81
hate,  it,  54
hate,  you,  47
hates,  me,  9
hating,  on,  12
hats,  off,  6
have,  a,  1505
have,  to,  999
have,  you,  327
havent,  been,  13
havent,  seen,  7
haven't,  been,  62
haven't,  seen,  51
haven't,  had,  21
havin,  a,  7
having,  a,  236
having,  to,  36
having,  fun,  30
he,  is,  252
he,  was,  191
he,  has,  94
head,  to,  34
head,  up,  17
head,  and,  15
headed,  to,  83
headed,  back,  9
headed,  out,  7
heading,  to,  97
heading,  out,  20
heading,  back,  12
heads,  up,  33
health,  care,  21
health,  and,  12
health,  insurance,  10
healthy,  and,  8
hear,  that,  58
hear,  the,  48
hear,  it,  46
heard,  of,  45
heard,  the,  29
heard,  that,  29
hearing,  about,  13
hearing,  from,  9
hearing,  the,  9
heart,  is,  25
heart,  and,  22
heart,  attack,  18
heat,  fans,  6
heat,  in,  5
heat,  are,  5
heck,  yeah,  8
heck,  of,  6
heck,  is,  6
he'd,  be,  8
hehe,  i,  5
held,  at,  5
held,  in,  5
hell,  yeah,  49
hell,  is,  24
hell,  of,  24
he'll,  be,  16
hello,  to,  21
hello,  there,  9
hello,  and,  9
help,  me,  93
help,  you,  79
help,  us,  53
helped,  me,  12
helping,  me,  14
helping,  us,  11
helping,  to,  9
helps,  me,  8
helps,  to,  5
helps,  you,  5
her,  to,  35
her,  and,  23
her,  i,  22
here,  in,  148
here,  i,  74
here,  at,  67
here's,  to,  28
here's,  a,  14
here's,  my,  11
hes,  a,  5
he's,  a,  51
he's,  not,  32
he's,  the,  24
hesitate,  to,  5
hey,  i,  72
hey,  thanks,  37
hey,  guys,  35
hi,  to,  24
hi,  i,  19
hi,  there,  15
hide,  the,  5
high,  school,  116
high,  five,  13
high,  on,  10
higher,  than,  11
higher,  ed,  9
higher,  education,  6
highlight,  of,  12
highly,  recommend,  16
hilarious,  and,  5
him,  to,  72
him,  and,  47
him,  in,  39
himself,  in,  5
hip,  hop,  36
hire,  a,  6
his,  own,  35
his,  name,  30
his,  first,  22
history,  of,  27
history,  and,  7
history,  month,  5
hit,  me,  82
hit,  the,  77
hit,  up,  27
hits,  the,  9
hits,  a,  5
hittin,  the,  5
hitting,  the,  21
hitting,  up,  6
hm,  i,  10
hmm,  i,  7
hockey,  game,  7
hold,  on,  27
hold,  a,  12
hold,  up,  12
holding,  a,  12
holding,  on,  7
holding,  the,  5
hole,  in,  11
holiday,  season,  18
holiday,  weekend,  10
holiday,  party,  8
holidays,  to,  8
holla,  at,  13
holy,  crap,  25
holy,  spirit,  5
home,  from,  59
home,  and,  59
home,  to,  39
homework,  and,  7
honest,  i,  6
honestly,  i,  12
honestly,  don't,  7
honor,  of,  27
honor,  to,  8
honored,  to,  22
hook,  up,  10
hook,  me,  5
hook,  you,  5
hooked,  on,  7
hooked,  up,  5
hooray,  for,  8
hop,  on,  9
hope,  you,  373
hope,  to,  152
hope,  you're,  68
hopefully,  i,  17
hopefully,  the,  11
hopefully,  we,  11
hopes,  up,  7
hoping,  to,  37
hoping,  for,  27
hoping,  that,  11
host,  a,  7
host,  the,  5
hosted,  by,  17
hosting,  a,  14
hosting,  the,  11
hot,  and,  16
hot,  in,  15
hot,  dogs,  11
hotel,  room,  7
hotel,  in,  7
hotel,  and,  5
hotter,  than,  7
hour,  and,  21
hour,  of,  15
hour,  to,  11
hours,  of,  51
hours,  to,  21
hours,  and,  18
house,  and,  28
house,  of,  21
house,  is,  21
housewives,  of,  6
how,  to,  339
how,  much,  201
how,  are,  194
how'd,  you,  6
however,  i,  7
hows,  your,  5
how's,  the,  19
how's,  your,  17
how's,  it,  15
hrs,  of,  8
huffington,  post,  5
huge,  fan,  20
huge,  thanks,  6
huge,  success,  6
hugs,  and,  5
hugs,  to,  5
huh,  i,  6
huh,  lol,  5
human,  being,  12
human,  rights,  6
humor,  is,  5
hump,  day,  22
hundreds,  of,  12
hung,  out,  8
hung,  up,  6
hunger,  games,  59
hungry,  and,  8
hungry,  for,  6
hungry,  i,  5
hunt,  for,  6
hunter,  matt,  7
hurry,  up,  28
hurry,  and,  5
hurt,  you,  11
hurt,  me,  10
hurt,  my,  8
hurts,  so,  5
husband,  is,  8
husband,  and,  6
i,  love,  1608
i,  have,  1426
i,  am,  1318
ice,  cream,  84
ice,  cold,  9
iced,  coffee,  8
iced,  tea,  5
id,  be,  7
id,  rather,  6
id,  like,  5
i'd,  be,  65
i'd,  like,  58
i'd,  love,  55
idea,  of,  30
idea,  what,  29
idea,  how,  18
ideas,  for,  22
ideas,  and,  8
ideas,  on,  8
idk,  what,  18
idk,  why,  15
idk,  if,  15
if,  you,  1468
if,  i,  593
if,  you're,  208
ignorance,  is,  5
ignore,  the,  8
ignore,  me,  6
ignore,  it,  5
ikr,  i,  6
ill,  be,  42
ill,  give,  7
ill,  get,  7
i'll,  be,  284
i'll,  have,  63
i'll,  take,  41
illegal,  to,  5
im,  not,  102
im,  so,  76
im,  going,  54
i'm,  not,  424
i'm,  going,  272
i'm,  so,  254
ima,  be,  11
ima,  go,  6
ima,  get,  6
image,  of,  6
images,  of,  6
imagine,  the,  9
imagine,  how,  9
imagine,  what,  8
imma,  be,  7
impact,  on,  8
impact,  of,  7
importance,  of,  15
important,  to,  27
important,  than,  13
important,  thing,  7
impossible,  to,  21
impressed,  with,  13
impressed,  by,  8
improve,  your,  7
improve,  the,  6
in,  the,  3519
in,  a,  1043
in,  my,  767
inability,  to,  5
inbox,  me,  8
inches,  of,  5
include,  a,  7
include,  the,  5
included,  in,  6
including,  the,  7
including,  me,  7
including,  a,  5
increase,  in,  7
indeed,  i,  7
indeed,  it,  5
indeed,  rt,  5
independence,  day,  6
info,  on,  28
info,  to,  12
info,  and,  9
information,  on,  8
information,  about,  7
information,  and,  6
infront,  of,  5
inside,  the,  17
inside,  of,  13
inside,  and,  8
insist,  on,  5
inspiration,  to,  10
inspiration,  for,  7
inspiration,  and,  6
inspire,  me,  13
inspired,  by,  19
inspired,  me,  11
inspired,  to,  5
instagram,  is,  5
instead,  of,  143
instead,  i,  6
intend,  to,  6
interact,  with,  5
interest,  in,  18
interested,  in,  108
interested,  to,  10
interesting,  to,  21
interesting,  and,  8
interesting,  i,  6
international,  women's,  6
internet,  is,  10
internet,  and,  5
internet,  marketing,  5
interview,  with,  28
interview,  you,  9
interview,  on,  9
interviews,  with,  5
into,  the,  187
into,  a,  122
into,  my,  54
intro,  to,  8
invented,  the,  5
invest,  in,  13
investing,  in,  5
investment,  in,  5
invite,  to,  7
invite,  you,  7
invite,  me,  5
invited,  to,  15
inviting,  me,  5
involved,  in,  19
involved,  with,  8
ipad,  app,  8
ipad,  and,  6
iphone,  app,  13
iphone,  and,  9
iphone,  is,  7
ipod,  touch,  8
iron,  man,  7
is,  a,  1212
is,  the,  1089
is,  not,  397
isn't,  it,  35
isn't,  a,  28
isn't,  that,  25
issue,  of,  17
issue,  is,  8
issue,  with,  7
issues,  with,  11
issues,  in,  5
issues,  and,  5
it,  was,  931
it,  is,  787
it,  to,  295
it'd,  be,  21
it'll,  be,  45
its,  a,  117
its,  not,  87
its,  the,  50
it's,  a,  364
it's,  not,  231
it's,  the,  135
itunes,  and,  5
ive,  been,  27
ive,  never,  6
ive,  got,  6
i've,  been,  247
i've,  got,  73
i've,  never,  69
jack,  white,  6
jack,  and,  5
jail,  for,  5
jamming,  to,  6
jealous,  of,  25
jealous,  i,  8
jealous,  that,  6
jesus,  is,  7
jesus,  i,  5
jk,  i,  6
job,  on,  18
job,  in,  16
job,  is,  16
jobs,  in,  7
jobs,  and,  7
join,  us,  139
join,  the,  43
join,  me,  28
joined,  the,  11
joined,  us,  5
joined,  twitter,  5
joining,  us,  21
joining,  the,  11
joke,  about,  6
joke,  i,  5
jonas,  brothers,  6
jones,  is,  5
journey,  to,  6
journey,  of,  5
joy,  of,  7
joy,  to,  6
joy,  and,  6
judge,  me,  15
judge,  a,  5
judge,  you,  5
july,  st,  5
jump,  on,  11
jump,  in,  8
jump,  off,  6
jumping,  on,  5
june,  st,  6
junk,  food,  6
just,  got,  326
just,  a,  217
just,  saw,  160
justice,  for,  5
justin,  is,  7
justin,  i,  5
k,  in,  9
k,  followers,  8
k,  and,  7
kansas,  city,  15
kanye,  west,  8
keep,  it,  101
keep,  up,  82
keep,  your,  52
keeping,  me,  10
keeping,  it,  10
keeping,  up,  9
keeps,  me,  11
keeps,  getting,  8
keeps,  you,  5
kept,  me,  5
key,  to,  32
key,  is,  5
keys,  to,  7
kick,  off,  16
kick,  it,  15
kick,  some,  7
kicked,  out,  10
kicked,  my,  6
kicked,  off,  5
kickin,  it,  5
kicking,  off,  9
kicking,  my,  5
kicks,  off,  10
kid,  is,  12
kid,  i,  9
kid,  in,  9
kidding,  me,  19
kidding,  i,  8
kids,  are,  29
kids,  and,  17
kids,  to,  15
kill,  me,  24
kill,  you,  18
kill,  it,  15
killed,  it,  24
killed,  in,  8
killed,  me,  7
killin,  it,  7
killing,  me,  35
killing,  it,  16
kills,  me,  8
kind,  of,  263
kind,  words,  28
kind,  to,  6
kinda,  like,  13
kinda,  weird,  5
kinda,  day,  5
kindle,  fire,  6
kinds,  of,  25
king,  of,  15
king,  jr,  10
kiss,  my,  10
kiss,  me,  9
kiss,  on,  5
knew,  it,  23
knew,  that,  20
knew,  i,  16
kno,  i,  6
kno,  u,  5
knock,  out,  6
knock,  it,  5
knocked,  out,  8
know,  what,  329
know,  how,  213
know,  i,  185
knowing,  that,  13
knowing,  what,  7
knowing,  you,  6
knowledge,  is,  8
knowledge,  of,  7
known,  as,  17
known,  for,  8
known,  to,  5
knows,  how,  20
knows,  what,  16
knows,  the,  12
kobe,  is,  6
kudos,  to,  13
la,  la,  16
la,  and,  9
la,  for,  8
labor,  day,  17
lack,  of,  51
ladies,  and,  11
ladies,  night,  8
ladies,  free,  7
lady,  in,  8
lady,  i,  6
lady,  is,  6
laker,  fans,  6
lakers,  are,  7
land,  of,  10
landed,  in,  12
language,  of,  5
las,  vegas,  40
last,  night,  500
last,  year,  98
last,  week,  92
late,  night,  38
late,  to,  34
late,  for,  19
lately,  i,  7
later,  this,  23
later,  today,  18
later,  on,  13
laugh,  at,  19
laugh,  and,  9
laugh,  out,  7
laughing,  at,  16
laughing,  so,  8
launch,  of,  10
launch,  party,  8
launch,  a,  5
laundry,  and,  5
law,  school,  9
law,  and,  8
law,  of,  6
lay,  down,  11
lay,  in,  8
laying,  in,  16
laying,  down,  9
laying,  on,  6
lazy,  to,  12
lazy,  day,  5
lbs,  of,  5
lead,  to,  20
lead,  the,  10
lead,  in,  8
leadership,  is,  10
leading,  the,  8
leads,  to,  15
league,  of,  6
leap,  day,  8
learn,  how,  39
learn,  to,  36
learn,  more,  32
learned,  that,  15
learned,  from,  12
learned,  a,  12
learning,  about,  16
learning,  to,  12
learning,  how,  11
least,  i,  31
least,  you,  17
least,  one,  16
leave,  the,  30
leave,  me,  23
leave,  it,  19
leaving,  the,  16
leaving,  for,  11
leaving,  my,  6
lebron,  james,  9
lebron,  is,  6
led,  to,  6
led,  by,  5
left,  to,  29
left,  in,  27
left,  the,  23
legs,  are,  6
legs,  and,  5
lemme,  know,  10
lemonade,  is,  5
length,  of,  5
less,  than,  83
less,  about,  7
less,  then,  5
lesson,  learned,  6
let,  me,  351
let,  us,  131
let,  you,  90
lets,  go,  58
lets,  get,  30
lets,  do,  13
let's,  go,  136
let's,  get,  65
let's,  do,  42
letter,  to,  7
letter,  from,  5
letting,  me,  23
letting,  us,  9
letting,  go,  8
level,  of,  20
levels,  of,  7
library,  is,  8
library,  of,  5
library,  and,  5
lie,  to,  14
lie,  i,  9
lied,  to,  7
lies,  in,  5
life,  is,  190
life,  and,  45
life,  i,  33
light,  of,  11
light,  up,  10
light,  and,  7
lights,  on,  6
lights,  out,  5
like,  a,  668
like,  the,  333
like,  to,  320
liked,  it,  33
liked,  the,  23
liked,  your,  6
likely,  to,  20
likes,  to,  15
likes,  you,  8
likes,  it,  6
liking,  the,  8
liking,  it,  6
lil,  bit,  8
lil,  bro,  8
lil,  sis,  5
limit,  on,  5
limited,  time,  8
line,  of,  20
line,  for,  17
line,  up,  14
lined,  up,  8
lines,  of,  6
link,  to,  35
link,  for,  8
link,  up,  7
linked,  to,  7
links,  to,  11
lion,  king,  9
liquor,  store,  5
list,  of,  46
list,  for,  15
list,  is,  8
listen,  to,  182
listen,  and,  6
listen,  for,  5
listened,  to,  37
listenin,  to,  6
listening,  to,  293
listens,  to,  5
literally,  just,  8
little,  bit,  47
little,  more,  23
little,  girl,  19
live,  in,  140
live,  on,  36
live,  music,  27
lived,  in,  22
lived,  there,  5
lives,  in,  16
lives,  of,  7
lives,  on,  5
living,  in,  44
living,  room,  19
living,  the,  12
lmao,  i,  27
lmao,  rt,  9
lmao,  you,  6
lmfao,  i,  11
load,  of,  8
loads,  of,  8
local,  news,  6
located,  in,  8
location,  for,  5
locked,  up,  7
locked,  in,  6
locked,  out,  5
locker,  room,  9
log,  in,  6
log,  on,  5
lol,  i,  200
lol,  rt,  54
lol,  you,  38
long,  time,  94
long,  as,  78
long,  day,  48
longer,  than,  16
longer,  a,  5
look,  at,  182
look,  like,  151
look,  forward,  116
looked,  like,  28
looked,  at,  28
looked,  up,  6
lookin,  for,  9
lookin,  at,  7
lookin,  forward,  6
looking,  forward,  408
looking,  for,  329
looking,  at,  96
lookout,  for,  7
looks,  like,  280
looks,  so,  24
looks,  great,  23
lord,  for,  8
lord,  is,  7
lord,  i,  6
lose,  the,  12
lose,  weight,  9
lose,  my,  9
losing,  my,  7
loss,  of,  15
loss,  for,  7
loss,  to,  6
lost,  my,  29
lost,  in,  20
lost,  a,  19
lot,  of,  296
lot,  more,  26
lot,  to,  23
lots,  of,  224
lots,  to,  13
lots,  and,  5
loud,  and,  8
louder,  than,  6
lounge,  in,  5
love,  you,  685
love,  to,  336
love,  it,  305
loved,  it,  49
loved,  the,  44
loved,  your,  16
lovely,  day,  9
lovely,  to,  5
loves,  you,  32
loves,  me,  17
loves,  the,  9
lovin,  the,  7
lovin,  it,  6
loving,  the,  38
loving,  it,  22
loving,  this,  17
low,  key,  5
luck,  to,  50
luck,  with,  37
luck,  on,  19
luckily,  i,  5
lucky,  to,  25
lucky,  i,  13
lucky,  you,  9
lunch,  with,  26
lunch,  and,  19
lunch,  today,  18
luther,  king,  13
luv,  u,  14
luv,  ya,  7
luv,  it,  5
lying,  to,  6
lyrics,  to,  6
m,  i,  6
mac,  and,  7
mac,  miller,  7
macbook,  pro,  6
mad,  at,  40
mad,  men,  21
mad,  i,  10
made,  it,  111
made,  me,  107
made,  a,  72
mail,  today,  6
mailing,  list,  5
main,  event,  8
main,  street,  6
major,  league,  8
majority,  of,  12
make,  it,  331
make,  a,  228
make,  me,  176
makes,  me,  218
makes,  you,  68
makes,  it,  41
makeup,  and,  5
making,  a,  61
making,  me,  56
making,  it,  37
mall,  with,  5
man,  i,  89
man,  is,  38
man,  who,  30
manage,  to,  9
managed,  to,  17
many,  people,  64
many,  of,  47
many,  times,  41
march,  st,  7
march,  and,  5
march,  at,  5
marching,  band,  5
mark,  your,  11
market,  is,  8
market,  for,  7
market,  in,  6
marketing,  is,  6
marketing,  and,  6
marketwatch,  press,  7
marks,  the,  5
marriage,  is,  9
married,  to,  8
marry,  me,  12
mass,  effect,  6
master,  of,  6
match,  up,  5
match,  for,  5
math,  class,  5
matter,  what,  54
matter,  how,  44
matter,  of,  23
may,  be,  133
may,  have,  72
may,  not,  55
maybe,  i,  53
maybe,  you,  28
maybe,  we,  26
mayor,  of,  9
me,  to,  368
me,  and,  308
me,  a,  271
mean,  i,  36
mean,  to,  35
mean,  the,  31
meaning,  to,  12
meaning,  of,  10
means,  i,  21
means,  a,  20
means,  to,  12
meant,  to,  45
meant,  for,  7
measure,  of,  6
measured,  by,  5
media,  is,  14
media,  and,  11
media,  to,  7
meet,  you,  106
meet,  up,  36
meet,  the,  22
meeting,  you,  54
meeting,  with,  37
meeting,  at,  14
member,  of,  29
members,  of,  14
memorial,  day,  17
memories,  of,  8
memory,  of,  9
men,  and,  16
men,  are,  15
men,  in,  12
mental,  health,  5
mention,  this,  11
mention,  the,  10
mention,  me,  8
mentioned,  in,  5
merry,  christmas,  64
mess,  with,  16
mess,  up,  10
message,  me,  26
message,  to,  11
message,  us,  7
messages,  from,  6
messed,  up,  27
messing,  with,  10
messing,  up,  5
met,  you,  21
met,  a,  12
met,  with,  10
metta,  world,  8
mexican,  food,  9
mi,  run,  15
miami,  heat,  10
miami,  beach,  6
miami,  and,  5
michael,  jackson,  14
middle,  of,  54
middle,  school,  18
middle,  name,  9
midnight,  in,  5
midst,  of,  6
might,  be,  152
might,  have,  62
might,  not,  28
mike,  brown,  6
mike,  and,  5
mile,  run,  9
mile,  high,  6
miles,  away,  7
miles,  in,  6
miles,  to,  5
milk,  and,  6
miller,  park,  10
million,  in,  8
million,  dollars,  7
million,  dollar,  6
millions,  of,  13
min,  of,  6
min,  to,  6
mind,  is,  20
mind,  and,  17
mind,  if,  12
minds,  think,  6
mine,  is,  21
mine,  too,  11
mine,  and,  10
minus,  the,  7
minute,  of,  9
minute,  and,  5
minute,  to,  5
minutes,  of,  26
minutes,  to,  22
minutes,  and,  12
miss,  you,  262
miss,  the,  58
miss,  my,  53
missed,  you,  44
missed,  the,  33
missed,  it,  29
misses,  you,  8
missing,  out,  16
missing,  the,  15
missing,  my,  12
mission,  to,  6
mix,  of,  11
mix,  and,  5
mix,  tape,  5
mixed,  with,  5
mobile,  app,  9
mobile,  apps,  5
model,  for,  9
model,  of,  5
modern,  family,  6
mom,  is,  35
mom,  and,  30
mom,  to,  14
moment,  when,  112
moment,  of,  18
moment,  i,  10
moments,  of,  6
moms,  out,  10
monday,  night,  19
monday,  morning,  18
monday,  and,  12
money,  to,  27
money,  for,  25
money,  on,  24
month,  of,  14
month,  and,  12
month,  for,  9
months,  ago,  18
months,  and,  11
months,  of,  11
mood,  for,  13
mood,  to,  9
mood,  today,  7
moon,  is,  5
more,  than,  272
more,  about,  60
more,  of,  57
morning,  and,  40
morning,  to,  37
morning,  i,  30
most,  of,  105
most,  people,  30
most,  important,  29
mother,  of,  10
mother,  nature,  9
mother,  is,  8
mothers,  day,  118
mothers,  out,  8
mother's,  day,  127
motivation,  to,  8
mouth,  is,  7
mouth,  and,  6
move,  to,  39
move,  on,  31
move,  in,  11
moved,  to,  21
moved,  on,  7
moved,  from,  5
moves,  like,  5
movie,  is,  21
movie,  i,  14
movie,  and,  12
movies,  with,  9
movies,  and,  9
movies,  are,  5
moving,  to,  30
moving,  on,  13
moving,  forward,  10
mr,  president,  5
msg,  me,  6
mt,  i,  6
much,  for,  147
much,  i,  83
much,  more,  76
museum,  of,  11
music,  is,  41
music,  and,  41
music,  video,  40
must,  be,  170
must,  have,  58
must,  say,  13
my,  life,  318
my,  mom,  243
my,  favorite,  235
myself,  to,  26
myself,  in,  16
myself,  i,  15
n,  the,  25
n,  i,  17
n,  my,  15
nah,  i,  11
nah,  i'm,  5
nailed,  it,  7
nails,  done,  7
name,  is,  67
name,  of,  34
name,  on,  18
named,  after,  7
names,  of,  5
nap,  time,  11
nap,  and,  5
napoleon,  hill,  5
national,  championship,  7
nature,  of,  8
naw,  i,  5
nba,  playoffs,  11
ncaa,  tournament,  6
nd,  half,  9
nd,  time,  7
nd,  i,  6
near,  the,  20
near,  future,  14
near,  you,  9
nearly,  as,  8
necessary,  to,  9
necessary,  for,  5
need,  to,  926
need,  a,  309
need,  some,  75
needed,  to,  30
needed,  that,  10
needed,  a,  10
needless,  to,  5
needs,  to,  191
needs,  a,  52
needs,  more,  13
nervous,  about,  5
network,  is,  5
network,  of,  5
networking,  event,  7
never,  been,  58
never,  be,  54
never,  know,  44
new,  year,  128
new,  york,  124
new,  followers,  69
news,  is,  16
news,  on,  16
news,  for,  15
next,  week,  213
next,  time,  127
next,  year,  117
nfl,  draft,  16
nfl,  network,  5
nice,  to,  149
nice,  day,  26
nice,  and,  25
nicely,  done,  8
nigga,  i,  7
nigga,  you,  5
night,  at,  77
night,  and,  62
night,  i,  54
nights,  in,  6
nights,  like,  5
nite,  at,  5
no,  one,  233
no,  i,  108
no,  problem,  107
nobody,  is,  9
nobody,  else,  9
nobody,  can,  6
nominated,  for,  6
none,  of,  36
noon,  to,  5
noon,  today,  5
nope,  i,  10
nope,  not,  7
nope,  just,  6
normal,  people,  5
north,  of,  8
not,  a,  320
not,  to,  198
not,  sure,  190
note,  to,  24
note,  that,  6
note,  i,  5
nothing,  to,  60
nothing,  like,  57
nothing,  but,  40
notice,  me,  29
notice,  that,  8
notice,  the,  8
noticed,  that,  17
noticed,  by,  7
now,  i,  238
now,  that,  103
now,  i'm,  89
nowhere,  near,  5
nuff,  said,  6
number,  of,  43
number,  one,  15
number,  and,  10
ny,  and,  8
ny,  times,  5
nyc,  and,  8
nyc,  for,  8
nyc,  is,  6
o,  i,  13
o,  my,  6
o,  the,  5
obama,  is,  16
obama,  has,  5
obama,  to,  5
obsessed,  with,  32
obsession,  with,  6
of,  the,  2589
of,  my,  715
of,  a,  543
off,  to,  188
off,  the,  170
off,  my,  52
offer,  to,  8
offer,  a,  6
offered,  a,  5
offered,  to,  5
offering,  a,  6
offers,  great,  6
offers,  a,  5
office,  is,  13
office,  and,  11
office,  today,  10
official,  i,  7
officially,  a,  10
often,  do,  6
often,  the,  6
oh,  my,  119
oh,  i,  83
oh,  yeah,  74
ohh,  i,  5
ohio,  state,  12
oil,  change,  5
ok,  i,  57
ok,  so,  23
ok,  i'm,  16
okay,  i,  34
okay,  so,  13
okay,  i'm,  10
oklahoma,  city,  5
old,  school,  26
old,  man,  24
old,  and,  16
older,  than,  10
older,  i,  5
olive,  oil,  7
olive,  garden,  6
omfg,  i,  8
omg,  i,  89
omg,  i'm,  16
omg,  my,  12
omw,  to,  6
on,  the,  2198
on,  my,  756
on,  a,  620
once,  again,  41
once,  in,  25
once,  you,  25
one,  of,  700
one,  day,  129
one,  more,  101
ones,  that,  17
ones,  who,  13
ones,  i,  8
online,  and,  9
online,  at,  6
online,  for,  6
only,  one,  119
only,  thing,  62
only,  a,  60
onto,  the,  13
ooh,  i,  5
oomf,  is,  6
oops,  i,  7
open,  to,  28
open,  for,  25
open,  at,  21
opened,  up,  7
opening,  day,  30
opening,  night,  14
opening,  of,  12
opens,  the,  5
opinion,  on,  6
opinion,  of,  5
opportunities,  to,  6
opportunities,  for,  5
opportunity,  to,  36
opportunity,  for,  10
opposed,  to,  9
opposite,  of,  9
option,  for,  7
option,  to,  5
options,  for,  5
or,  not,  98
or,  a,  93
or,  something,  83
oral,  care,  5
orange,  juice,  7
order,  to,  38
order,  for,  9
order,  of,  8
ordered,  a,  7
ordered,  my,  5
other,  than,  42
other,  people,  40
other,  day,  38
others,  to,  14
others,  and,  7
others,  are,  7
otherwise,  i,  5
ought,  to,  10
our,  new,  111
our,  first,  43
our,  website,  31
out,  of,  689
out,  to,  307
out,  the,  254
outside,  of,  28
outside,  the,  19
outside,  and,  14
outta,  here,  10
outta,  my,  8
outta,  the,  6
over,  the,  189
over,  and,  54
over,  to,  51
owe,  you,  10
owe,  me,  7
own,  a,  12
own,  the,  8
own,  it,  7
owned,  by,  5
owner,  of,  9
p,  i,  8
p,  and,  7
p,  lol,  7
pace,  of,  6
pack,  of,  13
pack,  go,  6
pack,  for,  5
packed,  house,  5
packing,  for,  8
page,  and,  18
page,  of,  12
page,  for,  12
pages,  of,  9
paid,  for,  19
paid,  to,  11
paid,  off,  6
pain,  in,  11
pain,  and,  8
pain,  of,  7
pair,  of,  44
pairs,  of,  6
palm,  beach,  6
pandora,  station,  5
panel,  on,  8
panel,  at,  7
panel,  discussion,  5
pants,  on,  7
pants,  and,  6
paper,  and,  9
paper,  on,  7
paper,  is,  6
parents,  are,  15
parents,  and,  9
parents,  to,  5
park,  in,  9
park,  and,  8
park,  is,  6
parking,  lot,  23
parks,  and,  5
part,  of,  270
part,  is,  17
part,  about,  13
participate,  in,  15
participated,  in,  7
participating,  in,  14
partner,  with,  5
partner,  in,  5
parts,  of,  13
party,  at,  29
party,  in,  22
party,  with,  20
pass,  it,  13
pass,  the,  13
pass,  out,  12
passed,  away,  13
passed,  out,  11
passed,  the,  7
passes,  to,  5
passing,  of,  5
passion,  for,  7
passion,  and,  5
passionate,  about,  7
past,  the,  13
past,  few,  12
past,  week,  9
path,  to,  8
patience,  is,  5
patio,  is,  5
patricks,  day,  6
patrick's,  day,  20
patty's,  day,  9
paul,  is,  5
pay,  for,  44
pay,  attention,  16
pay,  the,  11
paying,  attention,  13
paying,  for,  11
pays,  off,  8
peace,  and,  13
peace,  to,  6
peace,  out,  6
peanut,  butter,  28
penn,  state,  10
people,  who,  169
people,  are,  135
people,  in,  83
per,  day,  8
per,  year,  6
per,  month,  5
percent,  of,  11
percentage,  of,  6
perfect,  for,  23
perfect,  day,  19
perfect,  i,  7
perform,  at,  10
performance,  of,  11
performance,  by,  9
performance,  at,  7
performing,  at,  12
performing,  live,  7
performing,  in,  5
perhaps,  the,  7
perhaps,  i,  5
perhaps,  a,  5
period,  of,  7
permission,  to,  6
person,  who,  46
person,  to,  29
person,  i,  27
personally,  i,  7
phone,  is,  26
phone,  and,  21
phone,  call,  19
photo,  shoot,  21
photo,  of,  15
photos,  of,  16
photos,  from,  8
photos,  and,  7
pi,  day,  6
pic,  of,  33
pic,  is,  10
pic,  i,  6
pick,  up,  79
pick,  me,  16
pick,  a,  12
picked,  up,  37
picked,  a,  5
picked,  the,  5
picking,  up,  24
picks,  up,  5
picks,  for,  5
pickup,  line,  6
pics,  of,  23
pics,  and,  8
pics,  from,  5
picture,  of,  44
picture,  is,  9
picture,  with,  7
pictures,  of,  32
pictures,  and,  7
pictures,  on,  6
piece,  of,  49
piece,  on,  9
pieces,  of,  9
pile,  of,  8
pint,  of,  5
piss,  me,  13
pissed,  off,  17
pissed,  at,  5
pisses,  me,  12
pissing,  me,  8
pizza,  and,  13
pizza,  is,  6
pizza,  in,  6
place,  to,  72
place,  in,  35
place,  for,  21
places,  to,  14
places,  in,  7
plan,  to,  36
plan,  on,  23
plan,  for,  21
plane,  to,  5
planned,  for,  8
planning,  on,  25
planning,  to,  20
planning,  a,  13
plans,  for,  37
plans,  to,  19
play,  the,  43
play,  with,  39
play,  in,  31
played,  a,  10
played,  the,  10
played,  in,  8
player,  in,  12
player,  of,  7
player,  and,  6
players,  in,  6
players,  and,  6
players,  are,  6
playing,  the,  35
playing,  with,  34
playing,  in,  27
playoff,  game,  11
please,  follow,  188
please,  please,  49
please,  tell,  38
pleased,  to,  10
pleased,  with,  5
pleasure,  to,  14
pleasure,  of,  6
plenty,  of,  45
pls,  rt,  8
plus,  i,  11
plus,  a,  8
plus,  the,  8
plz,  follow,  18
pm,  at,  34
pm,  on,  28
pm,  to,  24
point,  of,  29
point,  in,  17
point,  i,  10
pointed,  out,  5
points,  for,  9
points,  in,  8
points,  to,  5
pool,  party,  7
pop,  up,  11
pop,  culture,  5
portion,  of,  9
positive,  and,  6
positive,  energy,  5
possibility,  of,  6
possible,  to,  15
possible,  for,  7
possible,  that,  5
possibly,  be,  6
possibly,  the,  6
post,  a,  20
post,  on,  18
post,  it,  17
posted,  on,  17
posted,  a,  8
pounds,  of,  5
power,  of,  35
power,  to,  20
power,  and,  10
ppl,  who,  13
ppl,  in,  9
ppl,  to,  9
practice,  today,  5
practice,  and,  5
praise,  the,  5
pray,  for,  34
pray,  that,  8
prayer,  for,  6
prayers,  go,  9
prayers,  are,  6
prayers,  to,  6
praying,  for,  30
prefer,  to,  9
prefer,  the,  6
premiere,  of,  10
prep,  for,  9
preparation,  for,  5
prepare,  for,  15
prepare,  to,  7
prepared,  for,  11
prepared,  to,  11
preparing,  for,  19
preparing,  to,  9
prepping,  for,  11
presence,  of,  6
present,  to,  5
present,  and,  5
presentation,  on,  10
presentation,  at,  5
presented,  by,  8
president,  of,  12
president,  is,  5
president's,  day,  5
press,  release,  22
press,  conference,  14
pretend,  to,  10
pretending,  to,  8
pretty,  sure,  94
pretty,  good,  72
pretty,  much,  58
preview,  of,  8
previous,  tweet,  6
price,  of,  15
price,  for,  7
price,  is,  7
prior,  to,  10
pro,  bowl,  5
probably,  the,  24
probably,  not,  23
probably,  be,  18
problem,  with,  25
problem,  is,  20
problem,  i,  11
problems,  with,  9
problems,  but,  5
problems,  and,  5
process,  of,  14
process,  is,  5
product,  of,  5
production,  of,  7
productive,  day,  15
products,  and,  6
profile,  pic,  27
profile,  picture,  11
program,  for,  8
program,  is,  8
program,  at,  5
project,  is,  7
project,  for,  7
project,  i,  6
prom,  dress,  5
promise,  to,  15
promise,  you,  9
promise,  i,  6
promo,  code,  9
promote,  your,  5
proof,  that,  8
proof,  of,  5
props,  to,  18
protect,  your,  8
proud,  of,  121
proud,  to,  46
prove,  it,  8
prove,  that,  5
provide,  a,  7
provide,  the,  5
ps,  i,  12
psyched,  to,  6
psyched,  for,  5
public,  library,  12
public,  schools,  6
public,  school,  5
pull,  out,  9
pull,  it,  9
pull,  the,  7
pulled,  over,  7
pulled,  out,  5
pulling,  for,  9
pumped,  for,  16
pumped,  to,  9
pumped,  up,  6
punch,  you,  5
purchase,  of,  6
purchase,  a,  5
purpose,  of,  10
pursuit,  of,  6
put,  it,  55
put,  a,  51
put,  on,  50
puts,  me,  7
puts,  on,  5
puts,  the,  5
putting,  on,  13
putting,  together,  12
putting,  the,  11
q,  what,  11
q,  how,  8
q,  i,  5
qr,  code,  6
quality,  of,  15
quality,  time,  5
quarter,  of,  6
queen,  of,  10
question,  is,  26
question,  for,  15
question,  of,  13
questions,  about,  14
questions,  for,  10
questions,  and,  8
quick,  and,  6
quick,  to,  6
quite,  a,  29
quite,  the,  16
quite,  like,  6
quote,  of,  21
quote,  from,  11
r,  u,  87
r,  the,  12
r,  so,  10
race,  for,  6
race,  to,  6
race,  is,  5
rack,  city,  5
radio,  show,  18
radio,  station,  13
radio,  and,  7
rain,  is,  12
rain,  in,  10
rain,  rain,  10
rainy,  day,  16
rainy,  days,  5
raise,  your,  9
raise,  money,  6
raise,  the,  5
ran,  into,  17
ran,  out,  13
ran,  a,  5
range,  of,  7
rate,  of,  6
rather,  than,  41
rather,  be,  23
rather,  have,  13
rd,  and,  7
rd,  in,  5
rd,  at,  5
re,  the,  6
reach,  out,  16
reach,  the,  9
reach,  for,  5
reached,  the,  5
reaching,  out,  8
react,  to,  5
reaction,  to,  8
read,  the,  61
read,  it,  50
read,  your,  23
reading,  the,  28
reading,  your,  18
reading,  it,  16
ready,  for,  312
ready,  to,  276
ready,  and,  7
real,  life,  33
real,  talk,  14
real,  world,  14
reality,  show,  11
reality,  tv,  8
reality,  is,  7
realize,  that,  33
realize,  how,  19
realize,  you,  13
realized,  i,  22
realized,  that,  20
realized,  how,  8
realizing,  that,  5
really,  good,  79
really,  want,  70
really,  need,  54
reason,  to,  41
reason,  i,  34
reason,  why,  23
reasons,  to,  11
reasons,  why,  8
reasons,  i,  6
rebecca,  black,  5
receive,  a,  16
receive,  off,  6
receive,  the,  5
received,  a,  13
received,  the,  5
received,  my,  5
recipe,  for,  8
recommend,  it,  11
recommend,  a,  6
recommend,  the,  6
recommendations,  for,  9
record,  for,  10
record,  in,  6
record,  i,  6
recovering,  from,  7
red,  sox,  23
red,  cross,  9
red,  wine,  8
refer,  to,  13
reference,  to,  7
referred,  to,  8
referring,  to,  21
refers,  to,  6
reflection,  of,  5
refuse,  to,  25
refused,  to,  5
refuses,  to,  7
regarding,  the,  6
regardless,  of,  16
regards,  to,  6
register,  for,  8
registered,  for,  9
regret,  it,  12
regular,  season,  10
rehearsal,  for,  5
relate,  to,  9
related,  to,  22
relationship,  with,  15
relationship,  is,  8
relationships,  are,  6
relax,  and,  9
release,  of,  12
release,  party,  10
release,  date,  7
released,  in,  5
relevant,  to,  5
rely,  on,  10
remember,  the,  45
remember,  that,  44
remember,  when,  42
remind,  me,  30
remind,  you,  7
remind,  myself,  5
reminded,  me,  14
reminded,  of,  6
reminder,  that,  8
reminder,  to,  6
reminder,  of,  5
reminding,  me,  9
reminds,  me,  55
remove,  the,  5
replace,  the,  5
replied,  to,  9
reply,  to,  25
replying,  to,  5
report,  on,  10
report,  that,  5
reporting,  that,  5
reports,  that,  5
request,  for,  5
required,  to,  6
requires,  a,  5
research,  and,  9
research,  paper,  5
research,  on,  5
resource,  for,  5
resources,  for,  5
respect,  for,  23
respect,  to,  7
respect,  the,  5
respond,  to,  21
responded,  to,  10
responding,  to,  7
response,  to,  18
responsibility,  for,  5
responsible,  for,  17
rest,  of,  139
rest,  in,  19
rest,  for,  6
restaurant,  in,  10
restaurant,  week,  5
result,  of,  14
result,  in,  5
results,  in,  6
results,  of,  6
resume,  to,  6
return,  to,  22
return,  of,  8
return,  the,  8
returned,  from,  6
returning,  to,  8
returns,  to,  6
retweet,  if,  18
retweet,  this,  16
retweet,  and,  5
review,  of,  12
rewards,  just,  9
rhode,  island,  5
rich,  and,  7
rid,  of,  36
ride,  to,  12
ride,  the,  8
ride,  in,  8
riding,  the,  7
riding,  a,  6
riding,  in,  5
right,  now,  718
right,  i,  39
right,  to,  38
rights,  to,  5
rip,  whitney,  12
rip,  to,  7
rip,  steve,  6
rise,  and,  12
rise,  of,  5
risk,  of,  9
rite,  now,  14
road,  trip,  25
road,  to,  18
rock,  and,  16
rock,  the,  15
rock,  on,  15
rocked,  the,  7
rocked,  it,  7
rockin,  the,  5
rocking,  the,  8
rocking,  out,  7
role,  in,  15
role,  model,  13
role,  of,  12
roll,  out,  6
roll,  up,  6
roll,  with,  6
rolling,  in,  6
rolling,  out,  5
romney,  is,  8
room,  for,  25
room,  and,  18
room,  is,  14
root,  for,  13
rooting,  for,  24
rose,  bowl,  6
roses,  are,  6
rough,  day,  5
round,  of,  24
round,  pick,  5
route,  to,  12
rt,  i,  241
rt,  if,  149
rt,  the,  101
rts,  and,  8
ruin,  my,  6
ruin,  your,  6
ruin,  it,  5
ruined,  my,  6
rule,  of,  7
rules,  of,  6
rules,  for,  5
rumor,  has,  7
run,  with,  25
run,  in,  20
run,  into,  18
running,  the,  13
running,  for,  12
running,  a,  12
runs,  in,  8
rush,  hour,  7
s,  new,  18
s,  and,  16
s,  of,  8
sad,  to,  32
sad,  that,  22
sad,  i,  17
sadly,  i,  7
safe,  and,  25
safe,  to,  12
safe,  trip,  8
said,  i,  59
said,  it,  57
said,  that,  44
sake,  of,  6
sale,  at,  8
sale,  on,  6
sale,  in,  6
sales,  and,  5
salt,  lake,  5
salute,  to,  5
same,  thing,  77
same,  time,  62
same,  here,  51
samesex,  marriage,  5
san,  diego,  99
sat,  at,  8
sat,  in,  8
sat,  night,  7
satisfied,  with,  5
saturday,  night,  40
saturday,  at,  20
saturday,  morning,  14
save,  the,  29
save,  me,  17
save,  you,  9
saved,  by,  5
saved,  me,  5
saving,  the,  5
saw,  a,  76
saw,  the,  72
saw,  you,  39
say,  that,  110
say,  i,  78
say,  it,  72
saying,  that,  27
saying,  i,  16
saying,  the,  12
says,  i,  22
says,  the,  19
says,  he,  19
scale,  of,  6
scare,  me,  7
scared,  of,  17
scared,  to,  16
scared,  the,  6
scares,  me,  9
scary,  movie,  5
scene,  in,  7
schedule,  is,  7
schedule,  for,  6
schedule,  a,  6
scheduled,  for,  8
scheduled,  to,  6
school,  and,  33
school,  tomorrow,  30
school,  is,  28
science,  and,  5
score,  on,  5
score,  a,  5
score,  is,  5
scored,  a,  5
screening,  of,  11
screw,  you,  6
screw,  up,  5
screw,  it,  5
screwed,  up,  7
search,  for,  15
search,  of,  5
searching,  for,  17
season,  of,  31
season,  is,  23
season,  and,  13
second,  time,  14
second,  half,  13
second,  that,  11
seconds,  to,  6
seconds,  of,  6
seconds,  left,  5
secret,  of,  10
secret,  service,  9
secret,  to,  8
section,  of,  8
see,  you,  600
see,  the,  238
see,  it,  134
seeing,  you,  82
seeing,  the,  35
seeing,  a,  14
seeking,  a,  6
seem,  to,  68
seem,  like,  21
seem,  so,  5
seemed,  to,  7
seemed,  like,  6
seems,  like,  80
seems,  to,  70
seems,  that,  8
seen,  the,  38
seen,  it,  34
seen,  a,  24
sees,  the,  5
selection,  of,  6
self,  and,  5
sell,  out,  10
sell,  your,  7
sell,  the,  6
semester,  is,  6
send,  me,  75
send,  you,  53
send,  us,  28
sending,  me,  10
sending,  you,  10
sending,  out,  8
senior,  year,  7
sense,  of,  34
sense,  to,  10
sent,  you,  35
sent,  me,  24
sent,  to,  18
series,  of,  15
series,  is,  9
series,  on,  7
serious,  about,  8
seriously,  i,  15
seriously,  though,  7
seriously,  the,  6
serve,  as,  5
served,  with,  5
server,  in,  5
service,  is,  12
service,  and,  9
service,  to,  9
services,  for,  5
services,  and,  5
serving,  up,  5
session,  with,  11
session,  at,  11
session,  on,  11
set,  up,  54
set,  of,  22
set,  to,  18
setting,  up,  22
settle,  for,  12
settle,  down,  5
several,  times,  7
sex,  with,  13
sex,  is,  10
sex,  and,  8
sexy,  and,  12
shades,  of,  11
shake,  it,  11
shall,  be,  18
shall,  i,  8
shall,  we,  7
shame,  on,  14
shaping,  up,  6
share,  the,  22
share,  your,  22
share,  with,  21
sharing,  the,  16
sharing,  your,  14
sharing,  our,  7
she,  is,  136
she,  was,  95
she,  has,  47
she'll,  be,  7
shes,  a,  5
she's,  a,  31
she's,  not,  14
she's,  so,  13
shirt,  and,  8
shirt,  on,  5
shirt,  i,  5
shit,  i,  37
shit,  is,  31
shit,  out,  19
shoes,  and,  10
shoes,  are,  5
shoes,  on,  5
shoot,  me,  17
shoot,  for,  12
shoot,  with,  9
shooting,  a,  9
shooting,  for,  6
shop,  for,  8
shop,  in,  7
shop,  at,  5
shopping,  for,  13
shopping,  with,  9
shopping,  and,  7
short,  to,  10
short,  and,  9
short,  film,  9
shorts,  and,  7
shot,  of,  15
shot,  at,  11
shot,  in,  9
shots,  of,  9
shots,  shots,  5
shots,  and,  5
should,  be,  414
should,  have,  149
should,  i,  98
shouldn't,  be,  28
shouldn't,  have,  18
should've,  been,  6
shout,  out,  179
shout,  to,  5
shoutout,  to,  50
show,  at,  50
show,  on,  46
show,  is,  42
showed,  up,  17
showed,  me,  9
shower,  and,  11
showing,  up,  12
showing,  the,  6
showing,  me,  6
shows,  up,  10
shows,  that,  9
shows,  in,  7
shut,  up,  68
shut,  the,  21
shut,  down,  16
sick,  of,  40
sick,  and,  16
sick,  i,  8
side,  of,  61
side,  and,  6
side,  i,  6
sides,  of,  7
sight,  of,  6
sign,  up,  53
sign,  of,  16
sign,  that,  10
signed,  up,  31
signed,  a,  6
signed,  with,  5
signing,  up,  8
signs,  of,  7
similar,  to,  17
simple,  as,  6
simple,  and,  5
since,  i,  81
since,  the,  40
since,  you,  19
sing,  it,  8
sing,  to,  6
sing,  along,  5
singing,  the,  7
singing,  in,  6
singing,  to,  5
single,  one,  8
single,  day,  8
single,  and,  7
sir,  i,  8
sister,  is,  11
sister,  and,  10
sister,  in,  5
sit,  down,  18
sit,  in,  17
sit,  on,  16
site,  is,  17
site,  for,  12
site,  and,  11
sitting,  in,  47
sitting,  on,  25
sitting,  here,  22
situation,  is,  5
six,  months,  6
size,  of,  15
skills,  are,  5
skinny,  jeans,  7
skip,  the,  5
sky,  is,  10
skype,  with,  5
sleep,  in,  24
sleep,  i,  16
sleep,  and,  14
sleeping,  in,  13
sleeping,  with,  8
sleeping,  on,  6
slept,  in,  7
slice,  of,  9
slow,  down,  15
small,  business,  15
small,  world,  12
small,  town,  6
smart,  and,  8
smart,  phone,  8
smart,  enough,  5
smarter,  than,  7
smell,  like,  22
smell,  of,  18
smell,  the,  7
smells,  like,  28
smh,  i,  9
smh,  lol,  7
smile,  on,  16
smile,  and,  12
smile,  is,  6
smith,  is,  6
smoke,  a,  6
smoke,  weed,  6
snow,  in,  10
snow,  and,  5
snow,  is,  5
so,  much,  810
so,  i,  472
so,  far,  232
soccer,  game,  9
soccer,  team,  5
social,  media,  173
social,  networking,  13
social,  network,  12
softball,  game,  5
sold,  out,  46
solution,  to,  6
solution,  for,  5
some,  of,  205
some,  people,  105
some,  great,  62
somebody,  that,  11
somebody,  else,  9
somebody,  to,  9
someday,  i,  5
someday,  you,  5
somehow,  i,  8
someone,  who,  68
someone,  to,  57
someone,  else,  56
something,  to,  77
something,  i,  37
something,  that,  36
sometime,  soon,  11
sometime,  this,  6
sometime,  in,  5
sometimes,  i,  77
sometimes,  you,  31
sometimes,  the,  17
somewhere,  in,  11
somewhere,  else,  7
son,  is,  11
son,  of,  11
son,  and,  6
song,  is,  27
song,  i,  19
song,  on,  16
songs,  on,  10
songs,  are,  9
songs,  and,  8
soo,  much,  17
soo,  good,  5
soon,  as,  59
soon,  to,  24
soon,  i,  20
sooner,  than,  7
sore,  from,  5
sorry,  i,  99
sorry,  for,  78
sorry,  to,  65
sort,  of,  49
sorts,  of,  9
soul,  to,  6
soul,  and,  5
sound,  like,  39
sound,  of,  24
sound,  good,  8
sounded,  like,  8
sounds,  like,  183
sounds,  good,  58
sounds,  great,  24
soup,  and,  6
source,  of,  14
source,  for,  6
south,  florida,  9
south,  beach,  8
south,  park,  8
space,  for,  9
space,  and,  6
space,  in,  6
speak,  to,  17
speak,  at,  10
speak,  for,  8
speaking,  of,  21
speaking,  at,  14
speaking,  to,  9
speaks,  to,  5
special,  thanks,  11
special,  guest,  10
special,  for,  8
speed,  of,  5
spell,  it,  7
spend,  the,  19
spend,  a,  13
spend,  time,  13
spending,  the,  17
spending,  time,  12
spending,  my,  6
spent,  the,  21
spent,  on,  8
spent,  a,  8
spirit,  of,  10
spoke,  to,  7
sponsor,  of,  5
sponsored,  by,  11
sports,  fan,  5
sports,  and,  5
spot,  on,  14
spot,  in,  10
spot,  for,  10
spread,  the,  60
spreading,  the,  26
spring,  break,  55
spring,  is,  11
spring,  training,  10
st,  louis,  20
st,  time,  20
st,  round,  11
stack,  of,  6
staff,  at,  5
stage,  at,  12
stage,  and,  6
stage,  with,  6
stand,  up,  29
stand,  for,  14
stand,  in,  9
standing,  in,  10
standing,  up,  8
standing,  on,  6
stands,  for,  9
stanley,  cup,  6
star,  in,  6
stare,  at,  10
staring,  at,  20
stars,  in,  6
stars,  and,  5
start,  a,  49
start,  the,  43
start,  to,  43
started,  to,  14
started,  a,  12
started,  with,  12
starting,  to,  87
starting,  at,  25
starting,  a,  20
starts,  at,  42
starts,  in,  14
starts,  with,  12
state,  of,  46
state,  fair,  9
state,  and,  8
station,  in,  5
station,  is,  5
stay,  tuned,  113
stay,  in,  50
stay,  up,  24
stayed,  up,  8
stayed,  in,  6
stayed,  home,  5
staying,  in,  14
staying,  up,  10
staying,  at,  9
stays,  in,  6
steal,  your,  5
step,  up,  17
step,  in,  12
step,  it,  8
stepped,  on,  5
steps,  to,  7
steve,  jobs,  27
stevie,  wonder,  5
stick,  to,  18
stick,  with,  10
stick,  around,  7
sticking,  to,  5
still,  have,  90
still,  in,  62
still,  a,  50
stock,  up,  5
stock,  market,  5
stoked,  to,  15
stoked,  for,  12
stole,  my,  12
stomach,  is,  5
stood,  up,  5
stop,  by,  124
stop,  in,  38
stop,  being,  24
stopped,  by,  11
stopping,  by,  17
stopping,  in,  6
store,  for,  15
store,  in,  10
store,  and,  9
stories,  about,  7
stories,  on,  5
stories,  and,  5
story,  of,  27
story,  on,  20
story,  about,  18
straight,  up,  16
straight,  to,  12
straight,  from,  5
strategy,  for,  5
stream,  of,  5
street,  and,  7
street,  is,  7
street,  from,  7
streets,  of,  8
strength,  to,  7
strength,  and,  5
strength,  of,  5
stressed,  out,  7
strip,  club,  7
strive,  to,  5
strong,  and,  9
strong,  enough,  6
stronger,  than,  6
struggling,  to,  5
struggling,  with,  5
stuck,  in,  57
stuck,  on,  10
stuck,  at,  7
students,  to,  14
students,  are,  13
students,  and,  10
studio,  with,  7
studio,  time,  6
studio,  in,  6
study,  for,  13
study,  hall,  5
study,  of,  5
studying,  for,  16
stuff,  to,  16
stuff,  i,  16
stuff,  is,  15
stupid,  and,  7
stupid,  people,  7
style,  of,  6
style,  and,  5
submit,  your,  6
subscribe,  to,  7
succeed,  in,  5
success,  is,  32
success,  in,  10
success,  of,  6
such,  a,  302
such,  an,  47
such,  as,  16
suck,  it,  16
suck,  at,  13
suck,  my,  10
sucker,  for,  6
sucks,  i,  11
sucks,  to,  7
sucks,  but,  6
suffer,  from,  5
suggest,  you,  6
suggestions,  for,  13
suggestions,  on,  8
summer,  is,  19
summer,  i,  10
summer,  and,  9
sun,  is,  21
sun,  and,  8
sunday,  night,  20
sunday,  morning,  14
sunday,  at,  14
sunny,  day,  12
sunny,  and,  7
sunshine,  and,  5
super,  bowl,  56
super,  excited,  29
super,  cute,  9
support,  the,  25
support,  of,  23
support,  for,  19
supporting,  the,  8
suppose,  to,  28
supposed,  to,  114
supreme,  court,  10
sure,  to,  141
sure,  you,  85
sure,  i,  69
surprise,  me,  7
surprised,  by,  7
surprised,  that,  7
surprised,  if,  6
surrounded,  by,  13
suspended,  for,  5
swag,  swag,  8
swear,  i,  23
swear,  to,  7
swear,  i'm,  5
sweet,  dreams,  21
sweet,  and,  14
sweet,  i,  10
swing,  by,  14
switch,  to,  10
switched,  to,  6
switching,  to,  5
system,  is,  8
system,  and,  5
system,  for,  5
t,  shirt,  5
table,  and,  6
table,  for,  5
table,  at,  5
taco,  bell,  21
taco,  tuesday,  5
tacos,  and,  5
tag,  this,  5
take,  a,  212
take,  it,  97
take,  the,  90
taken,  a,  8
taken,  care,  6
taken,  away,  6
takes,  a,  26
takes,  the,  14
takes,  to,  13
taking,  a,  57
taking,  the,  35
taking,  my,  17
talent,  and,  8
talent,  show,  6
talent,  is,  5
talented,  and,  7
talk,  to,  196
talk,  about,  146
talk,  with,  19
talked,  to,  37
talked,  about,  17
talkin,  bout,  13
talkin,  about,  11
talkin,  to,  9
talking,  about,  209
talking,  to,  94
talking,  bout,  14
talks,  about,  16
talks,  to,  9
tampa,  bay,  8
taste,  of,  17
taste,  like,  11
taste,  in,  7
tastes,  like,  8
taught,  me,  21
tea,  party,  11
tea,  and,  11
tea,  is,  5
teach,  me,  12
teach,  you,  9
teach,  them,  5
teacher,  is,  8
teachers,  are,  5
teaching,  a,  5
team,  is,  30
team,  in,  25
team,  and,  15
teams,  in,  7
teams,  are,  6
tear,  up,  6
tears,  of,  5
tebow,  is,  6
technology,  and,  7
technology,  is,  6
technology,  in,  5
tell,  me,  232
tell,  you,  122
tell,  us,  49
telling,  me,  36
telling,  you,  15
telling,  the,  7
tells,  me,  27
tells,  you,  14
temple,  run,  7
tempted,  to,  11
ten,  years,  7
ten,  minutes,  5
tend,  to,  25
tends,  to,  5
terms,  of,  13
test,  tomorrow,  7
test,  of,  6
test,  for,  6
texas,  family,  5
texas,  is,  5
texas,  and,  5
text,  me,  98
text,  you,  31
text,  back,  11
texted,  me,  10
texted,  you,  6
texting,  me,  9
texting,  you,  6
th,  birthday,  36
th,  and,  35
th,  at,  31
than,  the,  108
than,  a,  102
than,  i,  69
thank,  you,  1471
thank,  u,  80
thank,  god,  76
thankful,  for,  48
thankful,  to,  8
thankful,  that,  6
thanking,  god,  6
thanks,  for,  1919
thanks,  to,  302
thanks,  so,  141
thanksgiving,  everyone,  7
thanksgiving,  to,  7
thanx,  for,  13
that,  i,  527
that,  is,  439
that,  was,  345
thatawkwardmoment,  when,  11
that'd,  be,  14
that'll,  be,  5
thats,  what,  25
thats,  a,  22
thats,  why,  22
that's,  a,  143
that's,  what,  129
that's,  the,  93
the,  best,  849
the,  same,  582
the,  world,  476
theater,  in,  5
theatre,  in,  6
their,  own,  57
their,  new,  17
their,  lives,  13
them,  to,  97
them,  in,  53
them,  all,  42
theme,  song,  10
themselves,  and,  5
themselves,  to,  5
then,  i,  123
then,  you,  62
then,  the,  39
there,  is,  354
there,  are,  244
there,  was,  96
therefore,  i,  5
theres,  a,  15
theres,  no,  10
there's,  a,  128
there's,  no,  64
there's,  nothing,  24
these,  days,  84
these,  are,  25
these,  people,  25
they,  are,  363
they,  have,  151
they,  were,  123
they'll,  be,  14
they're,  not,  22
they're,  all,  16
they're,  just,  10
they've,  been,  8
they've,  got,  5
thing,  i,  78
thing,  to,  55
thing,  is,  44
things,  are,  70
things,  to,  56
things,  that,  53
thingsaboutme,  i,  10
think,  i,  247
think,  of,  146
think,  about,  121
thinkin,  bout,  5
thinking,  about,  129
thinking,  of,  76
thinking,  the,  15
thinks,  i'm,  8
thinks,  i,  6
thinks,  that,  6
third,  time,  5
thirsty,  thursday,  5
this,  is,  696
this,  weekend,  336
this,  week,  332
thnx,  for,  9
tho,  i,  15
tho,  lol,  9
those,  who,  128
those,  are,  38
those,  days,  23
though,  i,  59
though,  it,  13
though,  you,  13
thought,  i,  79
thought,  it,  73
thought,  you,  58
thoughts,  on,  28
thoughts,  and,  18
thoughts,  are,  7
thousands,  of,  18
threat,  to,  5
three,  days,  15
three,  times,  10
three,  of,  9
threw,  a,  7
threw,  up,  6
thrilled,  to,  15
through,  the,  114
through,  my,  29
through,  a,  27
throughout,  the,  18
throw,  a,  16
throw,  up,  11
throw,  it,  10
throwing,  a,  7
throwing,  up,  5
thru,  the,  15
thru,  my,  5
thru,  a,  5
thumbs,  up,  9
thunder,  and,  7
thursday,  night,  19
thursday,  at,  12
thursday,  and,  8
thus,  far,  12
thx,  for,  89
thx,  to,  13
thx,  rt,  7
ticket,  to,  15
ticket,  for,  12
tickets,  to,  54
tickets,  for,  40
tickets,  are,  14
tie,  it,  5
tied,  to,  6
tied,  at,  5
tied,  up,  5
til,  the,  16
til,  i,  15
til,  pm,  6
till,  the,  26
till,  i,  26
till,  you,  13
tim,  tebow,  14
time,  to,  486
time,  for,  238
time,  i,  186
timeline,  is,  6
times,  i,  18
times,  in,  17
times,  and,  17
tip,  of,  20
tip,  for,  7
tip,  if,  5
tips,  for,  13
tips,  on,  10
tips,  and,  6
tired,  of,  89
tired,  and,  15
tired,  but,  13
tis,  the,  8
title,  of,  6
tix,  to,  18
tix,  for,  11
to,  be,  2110
to,  the,  1982
to,  see,  1222
today,  is,  188
today,  i,  139
today,  and,  116
today's,  the,  8
todo,  list,  9
together,  and,  17
together,  for,  12
together,  a,  10
toilet,  paper,  9
told,  me,  120
told,  you,  46
told,  him,  17
tomorrow,  night,  72
tomorrow,  is,  55
tomorrow,  at,  51
ton,  of,  32
tonight,  at,  175
tonight,  i,  50
tonight,  and,  49
tonight's,  game,  6
tonight's,  show,  5
tonite,  at,  5
tons,  of,  43
too,  much,  204
too,  many,  92
too,  bad,  76
took,  a,  49
took,  the,  27
took,  me,  24
tool,  for,  8
tool,  to,  6
tools,  for,  7
tools,  to,  5
toothbrush,  express,  5
top,  of,  66
top,  ten,  7
top,  and,  5
topic,  of,  6
total,  of,  7
totally,  agree,  24
totally,  forgot,  7
totally,  worth,  7
touch,  with,  18
touch,  the,  7
touch,  my,  6
touches,  on,  7
tough,  to,  14
tough,  loss,  7
tough,  one,  5
tour,  of,  15
tour,  with,  8
tour,  in,  7
toward,  the,  7
towards,  the,  10
town,  for,  12
town,  and,  8
town,  hall,  6
toy,  story,  5
track,  of,  9
track,  meet,  6
track,  is,  5
trade,  for,  6
traffic,  is,  8
traffic,  on,  6
trailer,  for,  7
train,  to,  6
training,  for,  10
training,  in,  6
training,  is,  5
trapped,  in,  7
travel,  to,  8
traveling,  to,  5
treat,  you,  9
treat,  me,  9
treat,  yourself,  5
treated,  like,  5
treating,  you,  10
trending,  topic,  8
trending,  now,  5
tribute,  to,  11
tried,  to,  72
tried,  it,  10
tried,  the,  9
tries,  to,  17
trip,  to,  68
trip,  and,  6
trip,  with,  5
trips,  to,  6
trouble,  with,  9
true,  but,  23
true,  i,  23
true,  that,  20
truly,  a,  6
truly,  is,  5
trust,  me,  35
trust,  in,  9
trust,  you,  7
truth,  is,  18
truth,  rt,  8
truth,  and,  7
try,  to,  215
try,  and,  45
try,  it,  41
tryin,  to,  26
trying,  to,  503
trying,  out,  11
trying,  not,  11
tryna,  get,  13
tshirt,  contest,  5
tuesday,  night,  10
tuesday,  at,  7
tuesday,  is,  6
tune,  in,  54
tune,  into,  15
tuned,  for,  44
tuned,  in,  7
tuned,  to,  6
tuning,  in,  7
turkey,  day,  6
turn,  on,  23
turn,  out,  21
turn,  it,  18
turned,  out,  20
turned,  into,  16
turned,  on,  12
turning,  into,  9
turns,  out,  31
turns,  into,  6
tv,  show,  23
tv,  and,  14
tv,  shows,  8
tweet,  me,  75
tweet,  about,  39
tweet,  from,  23
tweeted,  me,  11
tweeted,  in,  8
tweeted,  about,  7
tweeting,  about,  23
tweeting,  from,  15
tweeting,  and,  8
tweets,  are,  24
tweets,  from,  17
tweets,  and,  16
twice,  as,  8
twice,  in,  8
twice,  a,  7
twitter,  is,  58
twitter,  and,  48
twitter,  account,  39
two,  weeks,  39
two,  days,  39
two,  of,  33
tx,  for,  6
txt,  me,  16
ty,  for,  17
type,  of,  56
type,  in,  5
types,  of,  17
u,  have,  95
u,  know,  80
u,  can,  76
ugh,  i,  36
ugh,  my,  6
ugh,  i'm,  6
ugly,  and,  5
uh,  oh,  24
uh,  i,  6
um,  i,  9
um,  no,  6
umm,  i,  6
unable,  to,  11
under,  the,  56
under,  my,  14
under,  a,  12
underestimate,  the,  6
understand,  why,  25
understand,  the,  25
understand,  how,  18
understanding,  of,  6
unfollow,  me,  11
unfollowed,  me,  5
unfortunately,  i,  8
unfortunately,  we,  5
united,  states,  20
universe,  is,  5
university,  of,  18
unless,  you,  33
unless,  you're,  9
unless,  i,  8
until,  the,  56
until,  i,  55
until,  you,  41
up,  to,  305
up,  with,  255
up,  for,  237
upcoming,  events,  5
update,  on,  9
update,  my,  6
updated,  on,  5
updates,  on,  14
updates,  from,  6
updates,  and,  6
upon,  a,  10
upon,  the,  8
upon,  us,  6
ups,  and,  8
ups,  to,  7
upset,  about,  6
upset,  that,  5
upside,  down,  8
ur,  a,  14
ur,  not,  14
ur,  so,  11
urge,  to,  15
us,  know,  107
us,  to,  95
us,  at,  82
usa,  today,  5
use,  the,  69
use,  it,  57
use,  to,  51
used,  to,  202
used,  the,  15
used,  in,  13
user,  experience,  5
uses,  the,  5
using,  the,  32
using,  a,  19
using,  it,  16
usually,  the,  5
vacation,  in,  5
vacation,  is,  5
valentines,  day,  30
valentine's,  day,  40
value,  of,  17
value,  in,  5
value,  to,  5
variety,  of,  10
vegas,  for,  7
vegas,  and,  6
vending,  machine,  5
verge,  of,  5
version,  of,  59
versions,  of,  6
very,  much,  65
very,  cool,  50
very,  good,  48
veterans,  day,  5
via,  twitter,  11
via,  the,  7
via,  email,  6
victim,  of,  5
victims,  of,  5
video,  of,  26
video,  for,  21
video,  is,  18
videos,  on,  10
videos,  of,  8
videos,  and,  8
view,  of,  12
views,  on,  7
violets,  are,  5
vision,  of,  5
visit,  us,  25
visit,  the,  17
visit,  to,  15
visiting,  the,  7
voice,  is,  19
voice,  of,  11
voice,  in,  8
vote,  for,  57
vote,  on,  10
vote,  in,  7
voted,  for,  19
voting,  for,  14
vs,  the,  14
w,  the,  51
w,  a,  42
w,  my,  25
waffle,  house,  5
wait,  to,  414
wait,  for,  225
wait,  till,  56
waitin,  for,  5
waiting,  for,  163
waiting,  to,  36
waiting,  on,  33
wake,  up,  133
wake,  me,  9
wakes,  up,  5
waking,  up,  52
waking,  me,  5
walk,  in,  24
walk,  to,  18
walk,  away,  16
walked,  in,  10
walked,  into,  9
walked,  by,  7
walking,  around,  15
walking,  dead,  13
walking,  in,  9
walks,  in,  6
wall,  street,  14
wanna,  go,  82
wanna,  be,  63
wanna,  see,  44
want,  to,  1125
want,  a,  130
want,  you,  61
wanted,  to,  171
wanted,  a,  11
wanted,  me,  6
wanting,  to,  33
wants,  to,  168
wants,  a,  18
wants,  me,  12
war,  on,  10
warm,  up,  11
warm,  and,  10
warm,  weather,  9
warming,  up,  6
warning,  for,  5
warped,  tour,  11
wars,  day,  6
was,  a,  504
was,  the,  244
was,  just,  149
wash,  my,  6
wasn't,  a,  15
wasn't,  the,  10
wasn't,  that,  9
waste,  of,  21
waste,  my,  5
waste,  your,  5
wat,  u,  11
wat,  i,  7
wat,  it,  5
watch,  the,  117
watch,  it,  59
watch,  out,  32
watched,  the,  35
watched,  it,  15
watched,  a,  13
watchin,  the,  6
watching,  the,  167
watching,  a,  37
watching,  it,  22
water,  and,  12
water,  is,  8
water,  in,  6
wats,  up,  10
way,  to,  480
way,  too,  79
way,  i,  58
ways,  to,  39
ways,  of,  7
we,  are,  692
we,  have,  442
we,  can,  352
wear,  a,  25
wear,  it,  12
wear,  my,  12
wearing,  a,  37
wearing,  my,  13
wearing,  the,  8
weather,  is,  35
weather,  in,  17
weather,  and,  10
web,  site,  17
web,  design,  7
web,  series,  5
website,  is,  15
website,  for,  13
website,  and,  11
we'd,  love,  34
we'd,  like,  8
we'd,  be,  8
wednesday,  at,  11
wednesday,  night,  9
wednesday,  and,  6
week,  and,  46
week,  of,  43
week,  i,  34
weekend,  and,  28
weekend,  is,  26
weekend,  in,  25
weeks,  ago,  24
weeks,  of,  18
weeks,  and,  11
weigh,  in,  5
weight,  loss,  13
weight,  and,  5
weird,  that,  13
weird,  to,  9
weird,  i,  8
welcome,  to,  165
welcome,  back,  33
welcome,  and,  14
well,  i,  127
well,  done,  42
well,  as,  38
we'll,  be,  92
we'll,  see,  43
we'll,  have,  37
wen,  i,  8
wen,  u,  7
went,  to,  157
went,  well,  21
went,  out,  19
were,  a,  48
were,  you,  42
were,  the,  39
we're,  going,  35
we're,  all,  28
we're,  not,  27
west,  coast,  25
west,  side,  9
west,  of,  5
we've,  got,  47
we've,  been,  26
we've,  had,  10
wewontwork,  if,  5
what,  you,  431
what,  i,  350
what,  a,  330
whatever,  you,  24
whatever,  it,  10
whatever,  i,  9
whats,  up,  38
whats,  the,  20
whats,  good,  15
what's,  up,  111
what's,  the,  96
what's,  your,  83
when,  i,  636
when,  you,  611
when,  the,  151
whenever,  i,  24
whenever,  you,  13
when's,  the,  6
where,  you,  118
where,  are,  99
where,  i,  91
where'd,  you,  6
where's,  the,  24
where's,  my,  13
where's,  your,  5
wherever,  you,  8
whether,  you,  13
whether,  or,  13
whether,  to,  8
which,  is,  97
which,  one,  33
which,  i,  24
while,  i,  59
while,  you,  30
while,  i'm,  22
white,  house,  17
white,  and,  12
white,  people,  12
whitney,  houston,  26
who,  is,  172
who,  are,  110
who,  you,  80
whole,  world,  16
whole,  time,  15
whole,  life,  14
who's,  going,  17
who's,  ready,  14
who's,  coming,  13
why,  do,  152
why,  i,  137
why,  is,  134
wide,  awake,  15
wide,  open,  9
wife,  and,  17
wife,  is,  12
wife,  to,  5
wild,  things,  6
will,  be,  1160
will,  you,  133
will,  have,  123
willing,  to,  52
willingness,  to,  5
win,  a,  67
win,  the,  56
win,  this,  24
window,  and,  6
windows,  down,  6
wine,  and,  19
wine,  is,  6
wine,  bar,  5
wings,  and,  7
winner,  of,  19
winner,  is,  7
winners,  of,  5
winning,  the,  20
winning,  a,  6
wins,  the,  15
wins,  a,  6
wins,  in,  5
winter,  is,  5
wisdom,  is,  6
wise,  man,  6
wise,  words,  6
wish,  i,  321
wish,  you,  76
wish,  me,  30
wishes,  to,  12
wishes,  for,  6
wishing,  you,  24
wishing,  i,  15
wishing,  everyone,  11
wit,  my,  20
wit,  me,  19
wit,  the,  14
with,  the,  838
with,  a,  618
with,  my,  460
within,  the,  22
within,  a,  9
within,  you,  5
without,  a,  44
without,  you,  31
without,  the,  29
woke,  up,  105
woke,  me,  7
woken,  up,  5
woman,  in,  12
woman,  who,  12
woman,  is,  10
women,  in,  20
women,  are,  16
women,  who,  14
women's,  day,  7
won,  the,  38
won,  a,  23
won,  in,  5
wonder,  if,  97
wonder,  what,  44
wonder,  how,  36
wonderful,  day,  26
wonderful,  weekend,  11
wonderful,  time,  11
wondering,  if,  35
wondering,  what,  14
wondering,  why,  13
wont,  be,  17
wont,  let,  6
won't,  be,  92
won't,  let,  19
won't,  have,  14
word,  of,  23
word,  for,  17
word,  about,  16
words,  of,  24
words,  to,  18
words,  and,  12
work,  on,  98
work,  with,  74
work,  for,  71
worked,  out,  14
worked,  on,  13
worked,  for,  10
workin,  on,  8
working,  on,  216
working,  with,  59
working,  out,  33
workout,  in,  7
workout,  with,  5
works,  for,  25
works,  out,  13
works,  in,  8
workshop,  on,  6
workshop,  at,  5
world,  is,  48
world,  of,  29
world,  to,  28
worn,  out,  5
worried,  about,  22
worries,  i,  5
worry,  about,  47
worry,  i,  8
worry,  bout,  5
worrying,  about,  8
worse,  than,  29
worst,  thing,  12
worst,  part,  8
worst,  day,  6
worth,  it,  74
worth,  the,  30
worth,  of,  16
worthy,  of,  6
would,  be,  506
would,  love,  199
would,  have,  172
wouldnt,  be,  5
wouldn't,  be,  38
wouldn't,  have,  22
wouldn't,  mind,  10
would've,  been,  10
wow,  i,  48
wow,  that,  25
wow,  what,  19
wrap,  up,  6
wrapped,  up,  9
wrapping,  up,  9
write,  a,  38
write,  about,  10
write,  it,  9
writing,  a,  25
writing,  about,  9
writing,  and,  8
written,  by,  8
written,  in,  5
wrong,  with,  61
wrong,  i,  10
wrong,  and,  10
wrote,  a,  13
wrote,  it,  6
wrote,  that,  5
wtf,  is,  19
wtf,  i,  8
wwwradiotagrcomwfuv,  to,  5
xbox,  live,  6
xd,  i,  5
y,  u,  16
y,  i,  8
y,  do,  6
ya,  know,  24
ya,  i,  15
ya,  but,  7
y'all,  are,  12
y'all,  have,  6
y'all,  know,  5
yard,  work,  5
yay,  for,  16
yay,  i,  15
yay,  i'm,  6
yea,  i,  48
yea,  i'm,  9
yea,  but,  8
yeah,  i,  154
yeah,  i'm,  35
yeah,  but,  28
year,  old,  81
year,  and,  35
year,  i,  34
years,  ago,  88
years,  of,  42
years,  old,  28
year's,  eve,  9
yell,  at,  7
yelled,  at,  10
yelling,  at,  10
yep,  i,  13
yep,  that,  5
yep,  it's,  5
yes,  i,  170
yes,  it,  57
yes,  we,  47
yesterday,  and,  21
yesterday,  i,  21
yesterday,  was,  16
yet,  but,  36
yet,  i,  29
yet,  to,  25
yo,  i,  10
yoga,  pants,  6
yoga,  class,  5
york,  city,  16
york,  times,  6
york,  and,  5
you,  are,  1034
you,  have,  856
you,  can,  715
you'd,  like,  25
you'd,  be,  19
you'd,  think,  11
you'll,  be,  65
you'll,  have,  23
you'll,  get,  21
young,  people,  10
young,  and,  9
young,  man,  9
younger,  than,  7
your,  favorite,  143
your,  life,  140
your,  own,  108
youre,  not,  7
youre,  a,  6
you're,  welcome,  110
you're,  not,  108
you're,  a,  107
yours,  is,  8
yours,  truly,  5
yours,  too,  5
yourself,  to,  19
yourself,  and,  18
yourself,  a,  14
youtube,  channel,  8
youtube,  videos,  8
youtube,  and,  6
you've,  got,  44
you've,  been,  41
you've,  never,  13
yr,  old,  35
yrs,  ago,  18
yrs,  old,  8
yrs,  of,  6
yum,  yum,  5
yup,  i,  10
